time_s,phase,leg,x_setpoint_mm,y_setpoint_mm,z_setpoint_mm,x_actual_mm,y_actual_mm,z_actual_mm,theta1_setpoint_deg,theta1_actual_deg,theta2_setpoint_deg,theta2_actual_deg
0.0208,WARMUP,FR,179.375,-177.0,-220.0,178.271,-177.0,-248.701,5.042,5.065,-0.015,0.0
0.0208,WARMUP,FL,179.375,177.0,-220.0,178.271,177.0,-248.701,5.042,5.065,-0.015,0.0
0.0208,WARMUP,RR,-179.375,-177.0,-220.0,-180.483,-177.0,-248.273,5.043,5.067,-0.018,-0.001
0.0208,WARMUP,RL,-179.375,177.0,-220.0,-180.483,177.0,-248.273,5.043,5.067,-0.018,-0.002
0.0417,WARMUP,FR,179.375,-177.0,-220.0,176.847,-177.0,-247.5,5.126,5.105,-0.164,-0.149
0.0417,WARMUP,FL,179.375,177.0,-220.0,176.847,177.0,-247.5,5.126,5.105,-0.165,-0.15
0.0417,WARMUP,RR,-179.375,-177.0,-220.0,-181.902,-177.0,-247.511,5.128,5.106,-0.167,-0.152
0.0417,WARMUP,RL,-179.375,177.0,-220.0,-181.902,177.0,-247.511,5.128,5.106,-0.167,-0.152
0.0625,WARMUP,FR,179.375,-177.0,-220.0,176.852,-177.0,-246.657,5.182,5.164,-0.263,-0.229
0.0625,WARMUP,FL,179.375,177.0,-220.0,176.852,177.0,-246.657,5.182,5.164,-0.263,-0.229
0.0625,WARMUP,RR,-179.375,-177.0,-220.0,-181.898,-177.0,-246.654,5.184,5.166,-0.267,-0.233
0.0625,WARMUP,RL,-179.375,177.0,-220.0,-181.898,177.0,-246.654,5.184,5.166,-0.267,-0.233
0.0833,WARMUP,FR,179.375,-177.0,-220.0,178.348,-177.001,-246.227,5.27,5.258,-0.419,-0.357
0.0833,WARMUP,FL,179.375,177.0,-220.0,178.348,176.999,-246.228,5.27,5.257,-0.418,-0.356
0.0833,WARMUP,RR,-179.375,-177.0,-220.0,-180.39,-177.001,-249.183,5.367,5.064,-0.591,-0.665
0.0833,WARMUP,RL,-179.375,177.0,-220.0,-180.39,176.999,-249.183,5.365,5.062,-0.587,-0.661
0.1042,WARMUP,FR,179.375,-177.0,-220.0,175.302,-177.0,-249.064,5.031,5.21,0.004,0.104
0.1042,WARMUP,FL,179.375,177.0,-220.0,175.375,177.0,-249.07,5.166,5.311,-0.234,-0.113
0.1042,WARMUP,RR,-179.375,-177.0,-220.0,-182.027,-176.999,-249.081,5.698,5.57,-1.175,-1.053
0.1042,WARMUP,RL,-179.375,177.0,-220.0,-182.099,177.001,-249.075,5.599,5.505,-0.999,-0.887
0.1208,WARMUP,FR,179.375,-177.0,-220.0,176.425,-177.0,-249.08,4.878,4.963,0.274,0.277
0.1208,WARMUP,FL,179.375,177.0,-220.0,176.582,177.0,-249.093,5.129,5.156,-0.169,-0.126
0.1208,WARMUP,RR,-179.375,-177.0,-220.0,-181.709,-177.0,-249.058,6.069,5.931,-1.829,-1.606
0.1208,WARMUP,RL,-179.375,177.0,-220.0,-181.972,177.0,-249.042,5.826,5.75,-1.401,-1.213
0.1417,WARMUP,FR,179.375,-177.0,-220.0,176.718,-177.001,-249.072,4.985,5.01,0.085,0.085
0.1417,WARMUP,FL,179.375,177.0,-220.0,176.909,176.999,-249.085,5.162,5.15,-0.227,-0.196
0.1417,WARMUP,RR,-179.375,-177.0,-220.0,-181.696,-177.0,-249.016,6.684,6.479,-2.914,-2.55
0.1417,WARMUP,RL,-179.375,177.0,-220.0,-181.746,177.0,-249.03,6.286,6.124,-2.213,-1.941
0.1625,WARMUP,FR,179.375,-177.0,-220.0,176.919,-176.999,-249.073,5.037,5.02,-0.008,-0.016
0.1625,WARMUP,FL,179.375,177.0,-220.0,176.829,177.001,-249.076,5.244,5.218,-0.373,-0.326
0.1625,WARMUP,RR,-179.375,-177.0,-220.0,-181.671,-176.999,-248.911,7.66,7.332,-4.638,-4.063
0.1625,WARMUP,RL,-179.375,177.0,-220.0,-181.674,177.001,-248.975,7.048,6.793,-3.558,-3.118
0.1833,WARMUP,FR,179.375,-177.0,-220.0,176.848,-177.0,-249.058,5.055,5.048,-0.04,-0.037
0.1833,WARMUP,FL,179.375,177.0,-220.0,176.843,177.0,-249.052,5.37,5.331,-0.596,-0.52
0.1833,WARMUP,RR,-179.375,-177.0,-220.0,-181.549,-177.0,-248.723,9.185,8.671,-7.327,-6.427
0.1833,WARMUP,RL,-179.375,177.0,-220.0,-181.957,177.0,-248.819,8.191,7.867,-5.574,-4.846
0.2042,WARMUP,FR,179.375,-177.0,-220.0,176.897,-176.998,-249.056,5.082,5.064,-0.086,-0.082
0.2042,WARMUP,FL,179.375,177.0,-220.0,176.863,177.002,-249.041,5.576,5.512,-0.959,-0.837
0.2042,WARMUP,RR,-179.375,-177.0,-220.0,-181.284,-176.994,-248.22,11.58,10.79,-11.545,-10.157
0.2042,WARMUP,RL,-179.375,177.0,-220.0,-182.137,177.006,-248.502,9.961,9.455,-8.695,-7.577
0.2208,WARMUP,FR,179.375,-177.0,-220.0,176.958,-176.998,-249.057,5.131,5.098,-0.172,-0.162
0.2208,WARMUP,FL,179.375,177.0,-220.0,176.902,177.002,-249.034,5.83,5.733,-1.407,-1.23
0.2208,WARMUP,RR,-179.375,-177.0,-220.0,-181.037,-176.994,-247.288,14.343,13.265,-16.393,-14.501
0.2208,WARMUP,RL,-179.375,177.0,-220.0,-181.529,177.006,-247.91,12.282,11.463,-12.779,-11.23
0.2417,WARMUP,FR,179.375,-177.0,-220.0,176.74,-177.0,-249.034,5.179,5.18,-0.258,-0.215
0.2417,WARMUP,FL,179.375,177.0,-220.0,176.743,177.0,-249.001,6.265,6.151,-2.174,-1.881
0.2417,WARMUP,RR,-179.375,-177.0,-220.0,-180.574,-176.986,-244.934,19.01,17.551,-24.528,-21.992
0.2417,WARMUP,RL,-179.375,177.0,-220.0,-181.01,177.014,-246.356,16.145,14.898,-19.544,-17.369
0.2625,WARMUP,FR,179.375,-177.0,-220.0,176.167,-177.0,-248.984,5.163,5.266,-0.229,-0.133
0.2625,WARMUP,FL,179.375,177.0,-220.0,176.143,177.0,-248.913,6.892,6.8,-3.282,-2.794
0.2625,WARMUP,RR,-179.375,-177.0,-220.0,-180.059,-176.975,-240.325,24.664,23.015,-34.241,-31.431
0.2625,WARMUP,RL,-179.375,177.0,-220.0,-180.283,177.026,-243.021,21.292,19.706,-28.47,-25.75
0.2833,WARMUP,FR,179.375,-177.0,-220.0,175.852,-177.001,-248.955,5.025,5.177,0.015,0.099
0.2833,WARMUP,FL,179.375,177.0,-220.0,176.623,176.999,-248.812,8.166,7.841,-5.53,-4.809
0.2833,WARMUP,RR,-179.375,-177.0,-220.0,-179.441,-176.998,-233.848,30.108,28.686,-43.394,-41.03
0.2833,WARMUP,RL,-179.375,177.0,-220.0,-179.699,177.003,-237.534,27.046,25.441,-38.274,-35.561
0.3042,WARMUP,FR,179.375,-177.0,-220.0,176.586,-177.006,-249.012,4.93,4.997,0.182,0.19
0.3042,WARMUP,FL,179.375,177.0,-220.0,177.309,176.994,-248.505,10.084,9.499,-8.911,-7.804
0.3042,WARMUP,RR,-179.375,-177.0,-220.0,-178.962,-177.009,-227.555,34.095,33.176,-49.939,-48.448
0.3042,WARMUP,RL,-179.375,177.0,-220.0,-179.096,176.992,-230.976,31.986,30.768,-46.495,-44.476
0.3208,WARMUP,FR,179.375,-177.0,-220.0,177.635,-177.006,-249.099,5.042,4.963,-0.016,-0.059
0.3208,WARMUP,FL,179.375,177.0,-220.0,177.825,176.994,-248.191,12.268,11.403,-12.754,-11.234
0.3208,WARMUP,RR,-179.375,-177.0,-220.0,-178.897,-176.995,-224.04,36.035,35.49,-53.07,-52.187
0.3208,WARMUP,RL,-179.375,177.0,-220.0,-178.454,177.004,-226.592,34.806,33.907,-51.092,-49.876
0.3417,WARMUP,FR,179.375,-177.0,-220.0,177.239,-176.979,-249.072,5.117,5.047,-0.149,-0.165
0.3417,WARMUP,FL,179.375,177.0,-220.0,178.017,177.023,-247.143,16.144,14.905,-19.543,-17.364
0.3417,WARMUP,RR,-179.375,-177.0,-220.0,-179.093,-176.976,-221.395,37.318,37.066,-55.116,-54.709
0.3417,WARMUP,RL,-179.375,177.0,-220.0,-178.244,177.023,-222.784,36.906,36.381,-54.462,-54.004
0.3625,WARMUP,FR,179.375,-177.0,-220.0,177.217,-176.837,-249.067,5.189,5.184,-0.276,-0.233
0.3625,WARMUP,FL,179.375,177.0,-220.0,178.725,177.163,-243.8,21.322,19.743,-28.521,-25.795
0.3625,WARMUP,RR,-179.375,-177.0,-220.0,-178.392,-177.001,-220.662,38.017,37.861,-56.225,-56.152
0.3625,WARMUP,RL,-179.375,177.0,-220.0,-179.089,176.998,-221.099,37.772,37.623,-55.837,-55.619
0.3833,WARMUP,FR,179.375,-177.0,-220.0,177.082,-177.006,-249.058,5.305,5.234,-0.481,-0.442
0.3833,WARMUP,FL,179.375,177.0,-220.0,179.174,176.992,-238.698,27.068,25.467,-38.311,-35.597
0.3833,WARMUP,RR,-179.375,-177.0,-220.0,-179.085,-177.005,-220.121,38.246,38.232,-56.605,-56.61
0.3833,WARMUP,RL,-179.375,177.0,-220.0,-178.718,176.995,-220.274,38.178,38.028,-56.48,-56.498
0.4042,WARMUP,FR,179.375,-177.0,-220.0,177.03,-177.002,-249.049,5.526,5.436,-0.87,-0.777
0.4042,WARMUP,FL,179.375,177.0,-220.0,179.317,176.996,-232.292,31.998,30.779,-46.516,-44.501
0.4042,WARMUP,RR,-179.375,-177.0,-220.0,-179.286,-177.001,-219.987,38.302,38.298,-56.707,-56.71
0.4042,WARMUP,RL,-179.375,177.0,-220.0,-178.81,176.999,-219.821,38.393,38.31,-56.82,-56.924
0.4208,WARMUP,FR,179.375,-177.0,-220.0,176.915,-177.002,-249.032,5.76,5.666,-1.284,-1.125
0.4208,WARMUP,FL,179.375,177.0,-220.0,179.463,176.995,-227.613,34.727,33.921,-50.963,-49.655
0.4208,WARMUP,RR,-179.375,-177.0,-220.0,-179.312,-177.003,-220.046,38.306,38.305,-56.707,-56.708
0.4208,WARMUP,RL,-179.375,177.0,-220.0,-179.125,176.997,-219.812,38.403,38.381,-56.835,-56.908
0.4417,WARMUP,FR,179.375,-177.0,-220.0,176.831,-177.0,-249.008,6.18,6.056,-2.025,-1.761
0.4417,WARMUP,FL,179.375,177.0,-220.0,179.459,176.998,-223.673,36.695,36.293,-54.125,-53.482
0.4417,WARMUP,RR,-179.375,-177.0,-220.0,-179.334,-177.001,-220.019,38.307,38.306,-56.697,-56.697
0.4417,WARMUP,RL,-179.375,177.0,-220.0,-179.132,176.999,-219.815,38.399,38.378,-56.829,-56.899
0.4625,WARMUP,FR,179.375,-177.0,-220.0,176.775,-176.999,-248.963,6.816,6.636,-3.148,-2.732
0.4625,WARMUP,FL,179.375,177.0,-220.0,179.435,177.002,-221.617,37.621,37.442,-55.599,-55.314
0.4625,WARMUP,RR,-179.375,-177.0,-220.0,-179.338,-176.999,-219.993,38.306,38.306,-56.688,-56.689
0.4625,WARMUP,RL,-179.375,177.0,-220.0,-179.071,177.001,-219.802,38.402,38.37,-56.833,-56.91
0.4833,WARMUP,FR,179.375,-177.0,-220.0,176.859,-176.999,-248.87,7.812,7.516,-4.906,-4.27
0.4833,WARMUP,FL,179.375,177.0,-220.0,179.45,177.003,-220.675,38.025,37.95,-56.237,-56.118
0.4833,WARMUP,RR,-179.375,-177.0,-220.0,-179.302,-176.998,-219.996,38.299,38.299,-56.676,-56.677
0.4833,WARMUP,RL,-179.375,177.0,-220.0,-178.968,177.002,-219.802,38.41,38.361,-56.845,-56.938
0.5042,WARMUP,FR,179.375,-177.0,-220.0,176.708,-176.995,-248.622,9.328,8.905,-7.578,-6.587
0.5042,WARMUP,FL,179.375,177.0,-220.0,179.399,177.011,-220.289,38.196,38.166,-56.508,-56.46
0.5042,WARMUP,RR,-179.375,-177.0,-220.0,-179.341,-176.994,-219.951,38.288,38.288,-56.658,-56.658
0.5042,WARMUP,RL,-179.375,177.0,-220.0,-178.839,177.006,-219.717,38.447,38.384,-56.904,-57.029
0.5208,WARMUP,FR,179.375,-177.0,-220.0,177.324,-176.999,-248.236,11.175,10.471,-10.833,-9.502
0.5208,WARMUP,FL,179.375,177.0,-220.0,179.457,177.001,-219.995,38.245,38.244,-56.585,-56.584
0.5208,WARMUP,RR,-179.375,-177.0,-220.0,-179.19,-176.998,-220.022,38.285,38.275,-56.681,-56.687
0.5208,WARMUP,RL,-179.375,177.0,-220.0,-178.926,177.002,-219.715,38.45,38.403,-56.909,-57.025
0.5417,WARMUP,FR,179.375,-177.0,-220.0,177.578,-176.965,-247.092,14.521,13.441,-16.706,-14.774
0.5417,WARMUP,FL,179.375,177.0,-220.0,179.405,177.028,-219.684,38.26,38.26,-56.61,-56.61
0.5417,WARMUP,RR,-179.375,-177.0,-220.0,-179.07,-176.997,-219.931,38.335,38.301,-56.754,-56.78
0.5417,WARMUP,RL,-179.375,177.0,-220.0,-178.888,177.003,-219.536,38.457,38.452,-56.919,-57.013
0.5625,WARMUP,FR,179.375,-177.0,-220.0,178.22,-176.987,-244.592,19.173,17.701,-24.81,-22.258
0.5625,WARMUP,FL,179.375,177.0,-220.0,179.501,177.017,-219.475,38.266,38.265,-56.625,-56.625
0.5625,WARMUP,RR,-179.375,-177.0,-220.0,-179.066,-176.997,-219.891,38.366,38.315,-56.781,-56.832
0.5625,WARMUP,RL,-179.375,177.0,-220.0,-178.94,177.003,-219.698,38.466,38.45,-56.934,-57.04
0.5833,WARMUP,FR,179.375,-177.0,-220.0,179.011,-176.995,-240.003,24.785,23.126,-34.446,-31.644
0.5833,WARMUP,FL,179.375,177.0,-220.0,179.495,177.006,-219.028,38.263,38.262,-56.628,-56.628
0.5833,WARMUP,RR,-179.375,-177.0,-220.0,-178.916,-176.998,-219.736,38.446,38.404,-56.903,-57.015
0.5833,WARMUP,RL,-179.375,177.0,-220.0,-179.126,177.002,-219.73,38.44,38.447,-56.894,-56.97
0.6042,WARMUP,FR,179.375,-177.0,-220.0,179.241,-176.993,-233.69,30.18,28.789,-43.514,-41.146
0.6042,WARMUP,FL,179.375,177.0,-220.0,179.451,177.005,-218.728,38.264,38.263,-56.627,-56.627
0.6042,WARMUP,RR,-179.375,-177.0,-220.0,-179.274,-177.007,-219.813,38.404,38.439,-56.835,-56.871
0.6042,WARMUP,RL,-179.375,177.0,-220.0,-178.875,176.993,-219.714,38.451,38.406,-56.91,-57.025
0.6208,WARMUP,FR,179.375,-177.0,-220.0,179.491,-177.009,-228.804,33.475,32.472,-48.931,-47.261
0.6208,WARMUP,FL,179.375,177.0,-220.0,179.452,176.987,-218.798,38.261,38.26,-56.622,-56.622
0.6208,WARMUP,RR,-179.375,-177.0,-220.0,-179.376,-177.008,-220.094,38.364,38.365,-56.766,-56.767
0.6208,WARMUP,RL,-179.375,177.0,-220.0,-179.228,176.992,-219.75,38.441,38.436,-56.895,-56.978
0.6417,WARMUP,FR,179.375,-177.0,-220.0,179.246,-177.008,-224.43,36.012,35.48,-53.032,-52.131
0.6417,WARMUP,FL,179.375,177.0,-220.0,179.367,176.987,-219.031,38.262,38.261,-56.62,-56.62
0.6417,WARMUP,RR,-179.375,-177.0,-220.0,-179.42,-177.018,-220.286,38.351,38.351,-56.748,-56.748
0.6417,WARMUP,RL,-179.375,177.0,-220.0,-178.945,176.981,-219.71,38.452,38.399,-56.912,-57.033
0.6625,WARMUP,FR,179.375,-177.0,-220.0,179.037,-177.046,-222.192,37.288,37.033,-55.07,-54.649
0.6625,WARMUP,FL,179.375,177.0,-220.0,178.908,176.956,-220.09,38.266,38.266,-56.623,-56.623
0.6625,WARMUP,RR,-179.375,-177.0,-220.0,-179.69,-177.229,-219.862,38.343,38.343,-56.736,-56.736
0.6625,WARMUP,RL,-179.375,177.0,-220.0,-179.646,176.771,-219.847,38.427,38.452,-56.872,-56.928
0.6833,WARMUP,FR,179.375,-177.0,-220.0,179.124,-176.984,-220.879,37.872,37.808,-55.996,-55.782
0.6833,WARMUP,FL,179.375,177.0,-220.0,179.015,177.016,-220.19,38.269,38.269,-56.628,-56.627
0.6833,WARMUP,RR,-179.375,-177.0,-220.0,-179.67,-177.069,-219.705,38.339,38.34,-56.733,-56.733
0.6833,WARMUP,RL,-179.375,177.0,-220.0,-179.737,176.931,-219.899,38.368,38.365,-56.781,-56.796
0.7042,WARMUP,FR,179.375,-177.0,-220.0,179.322,-176.996,-220.37,38.132,38.099,-56.406,-56.323
0.7042,WARMUP,FL,179.375,177.0,-220.0,179.448,177.004,-220.068,38.255,38.254,-56.626,-56.627
0.7042,WARMUP,RR,-179.375,-177.0,-220.0,-179.344,-176.996,-219.876,38.338,38.338,-56.732,-56.732
0.7042,WARMUP,RL,-179.375,177.0,-220.0,-179.379,177.004,-219.916,38.362,38.362,-56.768,-56.768
0.7208,WARMUP,FR,179.375,-177.0,-220.0,179.454,-176.999,-220.189,38.22,38.184,-56.546,-56.517
0.7208,WARMUP,FL,179.375,177.0,-220.0,179.602,177.001,-220.029,38.27,38.243,-56.659,-56.674
0.7208,WARMUP,RR,-179.375,-177.0,-220.0,-179.265,-176.999,-219.905,38.357,38.346,-56.777,-56.79
0.7208,WARMUP,RL,-179.375,177.0,-220.0,-179.226,177.001,-219.88,38.369,38.354,-56.781,-56.819
0.7417,WARMUP,FR,179.375,-177.0,-220.0,179.386,-177.0,-220.099,38.247,38.247,-56.593,-56.592
0.7417,WARMUP,FL,179.375,177.0,-220.0,179.542,177.0,-220.003,38.286,38.27,-56.683,-56.694
0.7417,WARMUP,RR,-179.375,-177.0,-220.0,-179.323,-177.0,-219.894,38.368,38.364,-56.781,-56.796
0.7417,WARMUP,RL,-179.375,177.0,-220.0,-179.283,177.0,-219.874,38.369,38.365,-56.781,-56.815
0.7625,WARMUP,FR,179.375,-177.0,-220.0,179.391,-177.0,-220.087,38.253,38.253,-56.603,-56.602
0.7625,WARMUP,FL,179.375,177.0,-220.0,179.547,177.0,-220.001,38.288,38.271,-56.687,-56.697
0.7625,WARMUP,RR,-179.375,-177.0,-220.0,-179.316,-177.0,-219.9,38.363,38.358,-56.78,-56.789
0.7625,WARMUP,RL,-179.375,177.0,-220.0,-179.277,177.0,-219.873,38.369,38.365,-56.781,-56.817
0.7833,WARMUP,FR,179.375,-177.0,-220.0,179.403,-177.0,-220.073,38.258,38.258,-56.615,-56.615
0.7833,WARMUP,FL,179.375,177.0,-220.0,179.56,177.0,-219.997,38.289,38.271,-56.69,-56.702
0.7833,WARMUP,RR,-179.375,-177.0,-220.0,-179.303,-177.0,-219.895,38.364,38.357,-56.781,-56.793
0.7833,WARMUP,RL,-179.375,177.0,-220.0,-179.265,177.0,-219.867,38.37,38.366,-56.783,-56.824
0.8042,WARMUP,FR,179.375,-177.0,-220.0,179.397,-177.0,-220.061,38.266,38.265,-56.626,-56.626
0.8042,WARMUP,FL,179.375,177.0,-220.0,179.555,177.0,-219.996,38.29,38.272,-56.691,-56.702
0.8042,WARMUP,RR,-179.375,-177.0,-220.0,-179.307,-177.0,-219.897,38.363,38.357,-56.78,-56.791
0.8042,WARMUP,RL,-179.375,177.0,-220.0,-179.269,177.0,-219.867,38.371,38.368,-56.784,-56.824
0.8208,WARMUP,FR,179.375,-177.0,-220.0,179.396,-177.0,-220.052,38.271,38.271,-56.634,-56.634
0.8208,WARMUP,FL,179.375,177.0,-220.0,179.554,177.0,-219.995,38.291,38.273,-56.692,-56.704
0.8208,WARMUP,RR,-179.375,-177.0,-220.0,-179.307,-177.0,-219.897,38.363,38.357,-56.78,-56.791
0.8208,WARMUP,RL,-179.375,177.0,-220.0,-179.27,177.0,-219.868,38.37,38.367,-56.783,-56.823
0.8417,WARMUP,FR,179.375,-177.0,-220.0,179.396,-177.0,-220.042,38.278,38.277,-56.644,-56.644
0.8417,WARMUP,FL,179.375,177.0,-220.0,179.555,177.0,-219.992,38.292,38.275,-56.695,-56.706
0.8417,WARMUP,RR,-179.375,-177.0,-220.0,-179.307,-177.0,-219.896,38.364,38.357,-56.781,-56.791
0.8417,WARMUP,RL,-179.375,177.0,-220.0,-179.269,177.0,-219.869,38.37,38.366,-56.782,-56.822
0.8625,WARMUP,FR,179.375,-177.0,-220.0,179.395,-177.0,-220.033,38.283,38.283,-56.652,-56.652
0.8625,WARMUP,FL,179.375,177.0,-220.0,179.553,177.0,-219.989,38.294,38.277,-56.697,-56.709
0.8625,WARMUP,RR,-179.375,-177.0,-220.0,-179.307,-177.0,-219.895,38.364,38.358,-56.781,-56.792
0.8625,WARMUP,RL,-179.375,177.0,-220.0,-179.269,177.0,-219.87,38.369,38.366,-56.781,-56.821
0.8833,WARMUP,FR,179.375,-177.0,-220.0,179.393,-177.0,-220.025,38.288,38.288,-56.66,-56.66
0.8833,WARMUP,FL,179.375,177.0,-220.0,179.552,177.0,-219.987,38.296,38.279,-56.7,-56.711
0.8833,WARMUP,RR,-179.375,-177.0,-220.0,-179.308,-177.0,-219.895,38.365,38.358,-56.781,-56.793
0.8833,WARMUP,RL,-179.375,177.0,-220.0,-179.27,177.0,-219.871,38.369,38.365,-56.781,-56.82
0.9042,WARMUP,FR,179.375,-177.0,-220.0,179.393,-177.0,-220.019,38.292,38.292,-56.666,-56.666
0.9042,WARMUP,FL,179.375,177.0,-220.0,179.551,177.0,-219.983,38.298,38.281,-56.703,-56.715
0.9042,WARMUP,RR,-179.375,-177.0,-220.0,-179.308,-177.0,-219.894,38.365,38.359,-56.781,-56.794
0.9042,WARMUP,RL,-179.375,177.0,-220.0,-179.271,177.0,-219.871,38.369,38.365,-56.781,-56.819
0.9208,WARMUP,FR,179.375,-177.0,-220.0,179.392,-177.0,-220.014,38.295,38.295,-56.671,-56.671
0.9208,WARMUP,FL,179.375,177.0,-220.0,179.55,177.0,-219.98,38.3,38.283,-56.706,-56.717
0.9208,WARMUP,RR,-179.375,-177.0,-220.0,-179.309,-177.0,-219.893,38.366,38.359,-56.781,-56.794
0.9208,WARMUP,RL,-179.375,177.0,-220.0,-179.271,177.0,-219.871,38.369,38.365,-56.781,-56.819
0.9417,WARMUP,FR,179.375,-177.0,-220.0,179.391,-177.0,-220.009,38.299,38.298,-56.675,-56.676
0.9417,WARMUP,FL,179.375,177.0,-220.0,179.549,177.0,-219.977,38.302,38.285,-56.709,-56.721
0.9417,WARMUP,RR,-179.375,-177.0,-220.0,-179.309,-177.0,-219.893,38.366,38.359,-56.781,-56.794
0.9417,WARMUP,RL,-179.375,177.0,-220.0,-179.272,177.0,-219.872,38.369,38.365,-56.781,-56.819
0.9625,WARMUP,FR,179.375,-177.0,-220.0,179.391,-177.0,-220.004,38.301,38.301,-56.68,-56.68
0.9625,WARMUP,FL,179.375,177.0,-220.0,179.549,177.0,-219.974,38.304,38.287,-56.713,-56.724
0.9625,WARMUP,RR,-179.375,-177.0,-220.0,-179.309,-177.0,-219.893,38.366,38.36,-56.781,-56.795
0.9625,WARMUP,RL,-179.375,177.0,-220.0,-179.272,177.0,-219.872,38.369,38.365,-56.781,-56.819
0.9833,WARMUP,FR,179.375,-177.0,-220.0,179.391,-177.0,-220.0,38.304,38.304,-56.684,-56.685
0.9833,WARMUP,FL,179.375,177.0,-220.0,179.548,177.0,-219.97,38.306,38.289,-56.716,-56.727
0.9833,WARMUP,RR,-179.375,-177.0,-220.0,-179.309,-177.0,-219.892,38.366,38.36,-56.782,-56.795
0.9833,WARMUP,RL,-179.375,177.0,-220.0,-179.272,177.0,-219.872,38.369,38.365,-56.781,-56.819
1.0042,WARMUP,FR,179.375,-177.0,-220.0,179.39,-177.0,-219.996,38.307,38.306,-56.688,-56.688
1.0042,WARMUP,FL,179.375,177.0,-220.0,179.548,177.0,-219.967,38.308,38.292,-56.719,-56.73
1.0042,WARMUP,RR,-179.375,-177.0,-220.0,-179.309,-177.0,-219.892,38.366,38.36,-56.781,-56.795
1.0042,WARMUP,RL,-179.375,177.0,-220.0,-179.272,177.0,-219.872,38.369,38.365,-56.781,-56.818
1.0208,WARMUP,FR,179.375,-177.0,-220.0,179.39,-177.0,-219.993,38.308,38.308,-56.691,-56.691
1.0208,WARMUP,FL,179.375,177.0,-220.0,179.547,177.0,-219.965,38.31,38.293,-56.721,-56.733
1.0208,WARMUP,RR,-179.375,-177.0,-220.0,-179.309,-177.0,-219.892,38.366,38.36,-56.781,-56.795
1.0208,WARMUP,RL,-179.375,177.0,-220.0,-179.272,177.0,-219.872,38.369,38.365,-56.781,-56.819
1.0417,WARMUP,FR,179.375,-177.0,-220.0,179.39,-177.0,-219.99,38.31,38.31,-56.694,-56.694
1.0417,WARMUP,FL,179.375,177.0,-220.0,179.547,177.0,-219.962,38.312,38.295,-56.724,-56.735
1.0417,WARMUP,RR,-179.375,-177.0,-220.0,-179.309,-177.0,-219.892,38.366,38.36,-56.781,-56.795
1.0417,WARMUP,RL,-179.375,177.0,-220.0,-179.272,177.0,-219.872,38.369,38.365,-56.781,-56.818
1.0625,WARMUP,FR,179.375,-177.0,-220.0,179.39,-177.0,-219.987,38.312,38.312,-56.697,-56.697
1.0625,WARMUP,FL,179.375,177.0,-220.0,179.546,177.0,-219.959,38.313,38.297,-56.726,-56.738
1.0625,WARMUP,RR,-179.375,-177.0,-220.0,-179.309,-177.0,-219.892,38.367,38.36,-56.781,-56.796
1.0625,WARMUP,RL,-179.375,177.0,-220.0,-179.272,177.0,-219.872,38.369,38.365,-56.781,-56.818
1.0833,WARMUP,FR,179.375,-177.0,-220.0,179.39,-177.0,-219.984,38.314,38.314,-56.7,-56.7
1.0833,WARMUP,FL,179.375,177.0,-220.0,179.546,177.0,-219.957,38.315,38.298,-56.728,-56.74
1.0833,WARMUP,RR,-179.375,-177.0,-220.0,-179.308,-177.0,-219.892,38.367,38.36,-56.781,-56.796
1.0833,WARMUP,RL,-179.375,177.0,-220.0,-179.272,177.0,-219.872,38.369,38.365,-56.781,-56.818
1.1042,WARMUP,FR,179.375,-177.0,-220.0,179.39,-177.0,-219.981,38.316,38.315,-56.703,-56.703
1.1042,WARMUP,FL,179.375,177.0,-220.0,179.545,177.0,-219.955,38.316,38.3,-56.731,-56.742
1.1042,WARMUP,RR,-179.375,-177.0,-220.0,-179.309,-177.0,-219.892,38.367,38.36,-56.781,-56.796
1.1042,WARMUP,RL,-179.375,177.0,-220.0,-179.272,177.0,-219.872,38.369,38.365,-56.781,-56.818
1.1208,WARMUP,FR,179.375,-177.0,-220.0,179.39,-177.0,-219.979,38.317,38.317,-56.704,-56.705
1.1208,WARMUP,FL,179.375,177.0,-220.0,179.545,177.0,-219.953,38.317,38.301,-56.732,-56.744
1.1208,WARMUP,RR,-179.375,-177.0,-220.0,-179.308,-177.0,-219.892,38.367,38.36,-56.781,-56.796
1.1208,WARMUP,RL,-179.375,177.0,-220.0,-179.273,177.0,-219.873,38.369,38.365,-56.781,-56.818
1.1417,WARMUP,FR,179.375,-177.0,-220.0,179.388,-177.0,-219.977,38.319,38.318,-56.707,-56.707
1.1417,WARMUP,FL,179.375,177.0,-220.0,179.543,177.0,-219.95,38.321,38.303,-56.733,-56.747
1.1417,WARMUP,RR,-179.375,-177.0,-220.0,-179.31,-177.0,-219.892,38.366,38.36,-56.781,-56.795
1.1417,WARMUP,RL,-179.375,177.0,-220.0,-179.274,177.0,-219.873,38.369,38.365,-56.781,-56.818
1.1625,WARMUP,FR,179.375,-177.0,-220.0,179.386,-177.0,-219.974,38.321,38.32,-56.709,-56.709
1.1625,WARMUP,FL,179.375,177.0,-220.0,179.541,177.0,-219.947,38.323,38.306,-56.737,-56.75
1.1625,WARMUP,RR,-179.375,-177.0,-220.0,-179.311,-177.0,-219.893,38.366,38.36,-56.781,-56.795
1.1625,WARMUP,RL,-179.375,177.0,-220.0,-179.276,177.0,-219.873,38.369,38.365,-56.781,-56.817
1.1833,WARMUP,FR,179.375,-177.0,-220.0,179.387,-177.0,-219.971,38.322,38.322,-56.712,-56.712
1.1833,WARMUP,FL,179.375,177.0,-220.0,179.541,177.0,-219.943,38.325,38.308,-56.74,-56.753
1.1833,WARMUP,RR,-179.375,-177.0,-220.0,-179.311,-177.0,-219.893,38.366,38.36,-56.781,-56.795
1.1833,WARMUP,RL,-179.375,177.0,-220.0,-179.276,177.0,-219.873,38.369,38.365,-56.781,-56.817
1.2042,WARMUP,FR,179.375,-177.0,-220.0,179.387,-177.0,-219.968,38.324,38.324,-56.715,-56.715
1.2042,WARMUP,FL,179.375,177.0,-220.0,179.54,177.0,-219.941,38.327,38.309,-56.743,-56.756
1.2042,WARMUP,RR,-179.375,-177.0,-220.0,-179.31,-177.0,-219.892,38.366,38.36,-56.781,-56.795
1.2042,WARMUP,RL,-179.375,177.0,-220.0,-179.276,177.0,-219.873,38.369,38.365,-56.781,-56.818
1.2208,WARMUP,FR,179.375,-177.0,-220.0,179.387,-177.0,-219.966,38.326,38.325,-56.717,-56.717
1.2208,WARMUP,FL,179.375,177.0,-220.0,179.54,177.0,-219.939,38.328,38.311,-56.744,-56.758
1.2208,WARMUP,RR,-179.375,-177.0,-220.0,-179.311,-177.0,-219.892,38.366,38.36,-56.781,-56.795
1.2208,WARMUP,RL,-179.375,177.0,-220.0,-179.276,177.0,-219.873,38.369,38.365,-56.781,-56.817
1.2417,WARMUP,FR,179.375,-177.0,-220.0,179.387,-177.0,-219.964,38.327,38.327,-56.72,-56.72
1.2417,WARMUP,FL,179.375,177.0,-220.0,179.539,177.0,-219.936,38.329,38.312,-56.747,-56.76
1.2417,WARMUP,RR,-179.375,-177.0,-220.0,-179.31,-177.0,-219.892,38.366,38.36,-56.781,-56.795
1.2417,WARMUP,RL,-179.375,177.0,-220.0,-179.276,177.0,-219.873,38.369,38.365,-56.781,-56.817
1.2625,WARMUP,FR,179.375,-177.0,-220.0,179.387,-177.0,-219.961,38.329,38.328,-56.722,-56.722
1.2625,WARMUP,FL,179.375,177.0,-220.0,179.539,177.0,-219.934,38.331,38.314,-56.749,-56.762
1.2625,WARMUP,RR,-179.375,-177.0,-220.0,-179.31,-177.0,-219.892,38.366,38.36,-56.782,-56.795
1.2625,WARMUP,RL,-179.375,177.0,-220.0,-179.276,177.0,-219.873,38.369,38.365,-56.781,-56.817
1.2833,WARMUP,FR,179.375,-177.0,-220.0,179.387,-177.0,-219.959,38.33,38.33,-56.724,-56.724
1.2833,WARMUP,FL,179.375,177.0,-220.0,179.538,177.0,-219.932,38.332,38.315,-56.751,-56.764
1.2833,WARMUP,RR,-179.375,-177.0,-220.0,-179.31,-177.0,-219.892,38.366,38.36,-56.781,-56.795
1.2833,WARMUP,RL,-179.375,177.0,-220.0,-179.276,177.0,-219.873,38.369,38.365,-56.781,-56.817
1.3042,WARMUP,FR,179.375,-177.0,-220.0,179.387,-177.0,-219.957,38.331,38.331,-56.726,-56.726
1.3042,WARMUP,FL,179.375,177.0,-220.0,179.538,177.0,-219.931,38.333,38.316,-56.752,-56.766
1.3042,WARMUP,RR,-179.375,-177.0,-220.0,-179.31,-177.0,-219.892,38.366,38.36,-56.781,-56.795
1.3042,WARMUP,RL,-179.375,177.0,-220.0,-179.276,177.0,-219.873,38.369,38.365,-56.781,-56.817
1.3208,WARMUP,FR,179.375,-177.0,-220.0,179.387,-177.0,-219.956,38.332,38.332,-56.727,-56.728
1.3208,WARMUP,FL,179.375,177.0,-220.0,179.538,177.0,-219.929,38.335,38.317,-56.752,-56.767
1.3208,WARMUP,RR,-179.375,-177.0,-220.0,-179.31,-177.0,-219.892,38.366,38.36,-56.781,-56.795
1.3208,WARMUP,RL,-179.375,177.0,-220.0,-179.276,177.0,-219.873,38.369,38.365,-56.781,-56.817
1.3417,WARMUP,FR,179.375,-177.0,-220.0,179.384,-177.0,-219.954,38.333,38.333,-56.729,-56.729
1.3417,WARMUP,FL,179.375,177.0,-220.0,179.534,177.0,-219.927,38.337,38.319,-56.755,-56.769
1.3417,WARMUP,RR,-179.375,-177.0,-220.0,-179.313,-177.0,-219.893,38.366,38.36,-56.781,-56.794
1.3417,WARMUP,RL,-179.375,177.0,-220.0,-179.279,177.0,-219.873,38.369,38.366,-56.781,-56.817
1.3625,WARMUP,FR,179.375,-177.0,-220.0,179.384,-177.0,-219.952,38.335,38.335,-56.731,-56.731
1.3625,WARMUP,FL,179.375,177.0,-220.0,179.534,177.0,-219.924,38.338,38.321,-56.757,-56.772
1.3625,WARMUP,RR,-179.375,-177.0,-220.0,-179.312,-177.0,-219.893,38.366,38.36,-56.781,-56.794
1.3625,WARMUP,RL,-179.375,177.0,-220.0,-179.279,177.0,-219.873,38.369,38.366,-56.781,-56.817
1.3833,WARMUP,FR,179.375,-177.0,-220.0,179.385,-177.0,-219.95,38.336,38.336,-56.733,-56.734
1.3833,WARMUP,FL,179.375,177.0,-220.0,179.534,177.0,-219.922,38.34,38.322,-56.759,-56.774
1.3833,WARMUP,RR,-179.375,-177.0,-220.0,-179.312,-177.0,-219.893,38.366,38.36,-56.781,-56.794
1.3833,WARMUP,RL,-179.375,177.0,-220.0,-179.279,177.0,-219.873,38.369,38.365,-56.781,-56.816
1.4042,WARMUP,FR,179.375,-177.0,-220.0,179.385,-177.0,-219.948,38.337,38.337,-56.735,-56.736
1.4042,WARMUP,FL,179.375,177.0,-220.0,179.533,177.0,-219.92,38.341,38.323,-56.76,-56.775
1.4042,WARMUP,RR,-179.375,-177.0,-220.0,-179.312,-177.0,-219.893,38.366,38.36,-56.781,-56.795
1.4042,WARMUP,RL,-179.375,177.0,-220.0,-179.279,177.0,-219.873,38.369,38.365,-56.781,-56.817
1.4208,WARMUP,FR,179.375,-177.0,-220.0,179.385,-177.0,-219.946,38.338,38.338,-56.737,-56.737
1.4208,WARMUP,FL,179.375,177.0,-220.0,179.533,177.0,-219.919,38.341,38.324,-56.762,-56.776
1.4208,WARMUP,RR,-179.375,-177.0,-220.0,-179.311,-177.0,-219.892,38.366,38.36,-56.781,-56.795
1.4208,WARMUP,RL,-179.375,177.0,-220.0,-179.279,177.0,-219.873,38.369,38.365,-56.781,-56.816
1.4417,WARMUP,FR,179.375,-177.0,-220.0,179.385,-177.0,-219.944,38.339,38.339,-56.738,-56.739
1.4417,WARMUP,FL,179.375,177.0,-220.0,179.533,177.0,-219.918,38.342,38.325,-56.763,-56.778
1.4417,WARMUP,RR,-179.375,-177.0,-220.0,-179.311,-177.0,-219.892,38.366,38.36,-56.781,-56.795
1.4417,WARMUP,RL,-179.375,177.0,-220.0,-179.28,177.0,-219.873,38.369,38.365,-56.781,-56.816
1.4625,WARMUP,FR,179.375,-177.0,-220.0,179.384,-177.0,-219.943,38.34,38.34,-56.739,-56.74
1.4625,WARMUP,FL,179.375,177.0,-220.0,179.53,177.0,-219.916,38.345,38.327,-56.763,-56.779
1.4625,WARMUP,RR,-179.375,-177.0,-220.0,-179.313,-177.0,-219.893,38.366,38.36,-56.781,-56.794
1.4625,WARMUP,RL,-179.375,177.0,-220.0,-179.281,177.0,-219.873,38.369,38.366,-56.781,-56.816
1.4833,WARMUP,FR,179.375,-177.0,-220.0,179.383,-177.0,-219.942,38.341,38.341,-56.741,-56.741
1.4833,WARMUP,FL,179.375,177.0,-220.0,179.529,177.0,-219.914,38.346,38.328,-56.765,-56.781
1.4833,WARMUP,RR,-179.375,-177.0,-220.0,-179.314,-177.0,-219.893,38.366,38.36,-56.781,-56.794
1.4833,WARMUP,RL,-179.375,177.0,-220.0,-179.282,177.0,-219.874,38.369,38.366,-56.781,-56.816
1.5042,WARMUP,FR,179.375,-177.0,-220.0,179.384,-177.0,-219.94,38.342,38.342,-56.743,-56.743
1.5042,WARMUP,FL,179.375,177.0,-220.0,179.529,177.0,-219.912,38.347,38.329,-56.767,-56.783
1.5042,WARMUP,RR,-179.375,-177.0,-220.0,-179.313,-177.0,-219.893,38.366,38.36,-56.781,-56.794
1.5042,WARMUP,RL,-179.375,177.0,-220.0,-179.282,177.0,-219.874,38.369,38.366,-56.781,-56.816
1.5208,WARMUP,FR,179.375,-177.0,-220.0,179.384,-177.0,-219.939,38.343,38.343,-56.744,-56.744
1.5208,WARMUP,FL,179.375,177.0,-220.0,179.529,177.0,-219.911,38.348,38.33,-56.768,-56.784
1.5208,WARMUP,RR,-179.375,-177.0,-220.0,-179.313,-177.0,-219.893,38.366,38.36,-56.781,-56.794
1.5208,WARMUP,RL,-179.375,177.0,-220.0,-179.282,177.0,-219.874,38.369,38.366,-56.781,-56.816
1.5417,WARMUP,FR,179.375,-177.0,-220.0,179.384,-177.0,-219.937,38.344,38.344,-56.745,-56.746
1.5417,WARMUP,FL,179.375,177.0,-220.0,179.528,177.0,-219.91,38.348,38.331,-56.769,-56.785
1.5417,WARMUP,RR,-179.375,-177.0,-220.0,-179.313,-177.0,-219.893,38.366,38.36,-56.781,-56.794
1.5417,WARMUP,RL,-179.375,177.0,-220.0,-179.282,177.0,-219.874,38.369,38.366,-56.781,-56.816
1.5625,WARMUP,FR,179.375,-177.0,-220.0,179.384,-177.0,-219.936,38.345,38.345,-56.747,-56.747
1.5625,WARMUP,FL,179.375,177.0,-220.0,179.528,177.0,-219.909,38.35,38.331,-56.769,-56.786
1.5625,WARMUP,RR,-179.375,-177.0,-220.0,-179.312,-177.0,-219.893,38.366,38.36,-56.781,-56.794
1.5625,WARMUP,RL,-179.375,177.0,-220.0,-179.282,177.0,-219.874,38.369,38.366,-56.781,-56.816
1.5833,WARMUP,FR,179.375,-177.0,-220.0,179.382,-177.0,-219.935,38.346,38.346,-56.748,-56.748
1.5833,WARMUP,FL,179.375,177.0,-220.0,179.525,177.0,-219.908,38.351,38.333,-56.77,-56.787
1.5833,WARMUP,RR,-179.375,-177.0,-220.0,-179.314,-177.0,-219.893,38.366,38.36,-56.781,-56.794
1.5833,WARMUP,RL,-179.375,177.0,-220.0,-179.285,177.0,-219.874,38.369,38.366,-56.781,-56.815
1.6042,WARMUP,FR,179.375,-177.0,-220.0,179.383,-177.0,-219.934,38.346,38.346,-56.749,-56.749
1.6042,WARMUP,FL,179.375,177.0,-220.0,179.525,177.0,-219.907,38.351,38.334,-56.771,-56.788
1.6042,WARMUP,RR,-179.375,-177.0,-220.0,-179.314,-177.0,-219.893,38.366,38.36,-56.781,-56.794
1.6042,WARMUP,RL,-179.375,177.0,-220.0,-179.285,177.0,-219.874,38.369,38.366,-56.781,-56.815
1.6208,WARMUP,FR,179.375,-177.0,-220.0,179.383,-177.0,-219.933,38.347,38.347,-56.75,-56.75
1.6208,WARMUP,FL,179.375,177.0,-220.0,179.525,177.0,-219.906,38.352,38.334,-56.772,-56.789
1.6208,WARMUP,RR,-179.375,-177.0,-220.0,-179.314,-177.0,-219.893,38.366,38.36,-56.781,-56.794
1.6208,WARMUP,RL,-179.375,177.0,-220.0,-179.284,177.0,-219.874,38.369,38.366,-56.781,-56.815
1.6417,WARMUP,FR,179.375,-177.0,-220.0,179.383,-177.0,-219.932,38.347,38.347,-56.751,-56.751
1.6417,WARMUP,FL,179.375,177.0,-220.0,179.525,177.0,-219.905,38.352,38.335,-56.773,-56.79
1.6417,WARMUP,RR,-179.375,-177.0,-220.0,-179.314,-177.0,-219.893,38.366,38.36,-56.781,-56.794
1.6417,WARMUP,RL,-179.375,177.0,-220.0,-179.285,177.0,-219.874,38.369,38.366,-56.781,-56.815
1.6625,WARMUP,FR,179.375,-177.0,-220.0,179.384,-177.0,-219.931,38.348,38.348,-56.752,-56.752
1.6625,WARMUP,FL,179.375,177.0,-220.0,179.524,177.0,-219.904,38.353,38.335,-56.773,-56.79
1.6625,WARMUP,RR,-179.375,-177.0,-220.0,-179.313,-177.0,-219.893,38.366,38.36,-56.781,-56.794
1.6625,WARMUP,RL,-179.375,177.0,-220.0,-179.285,177.0,-219.874,38.369,38.366,-56.781,-56.815
1.6833,WARMUP,FR,179.375,-177.0,-220.0,179.383,-177.0,-219.93,38.348,38.348,-56.752,-56.753
1.6833,WARMUP,FL,179.375,177.0,-220.0,179.523,177.0,-219.904,38.354,38.336,-56.773,-56.791
1.6833,WARMUP,RR,-179.375,-177.0,-220.0,-179.314,-177.0,-219.893,38.366,38.361,-56.781,-56.794
1.6833,WARMUP,RL,-179.375,177.0,-220.0,-179.286,177.0,-219.874,38.369,38.366,-56.781,-56.815
1.7042,WARMUP,FR,179.375,-177.0,-220.0,179.382,-177.0,-219.929,38.349,38.349,-56.753,-56.753
1.7042,WARMUP,FL,179.375,177.0,-220.0,179.521,177.0,-219.903,38.355,38.337,-56.773,-56.791
1.7042,WARMUP,RR,-179.375,-177.0,-220.0,-179.315,-177.0,-219.893,38.366,38.361,-56.781,-56.794
1.7042,WARMUP,RL,-179.375,177.0,-220.0,-179.287,177.0,-219.875,38.369,38.366,-56.781,-56.814
1.7208,WARMUP,FR,179.375,-177.0,-220.0,179.383,-177.0,-219.929,38.349,38.349,-56.754,-56.754
1.7208,WARMUP,FL,179.375,177.0,-220.0,179.521,177.0,-219.903,38.355,38.337,-56.774,-56.792
1.7208,WARMUP,RR,-179.375,-177.0,-220.0,-179.314,-177.0,-219.893,38.366,38.361,-56.781,-56.794
1.7208,WARMUP,RL,-179.375,177.0,-220.0,-179.287,177.0,-219.875,38.369,38.366,-56.781,-56.815
1.7417,WARMUP,FR,179.375,-177.0,-220.0,179.383,-177.0,-219.928,38.35,38.35,-56.754,-56.755
1.7417,WARMUP,FL,179.375,177.0,-220.0,179.521,177.0,-219.902,38.355,38.337,-56.774,-56.792
1.7417,WARMUP,RR,-179.375,-177.0,-220.0,-179.314,-177.0,-219.893,38.366,38.36,-56.781,-56.794
1.7417,WARMUP,RL,-179.375,177.0,-220.0,-179.287,177.0,-219.875,38.369,38.366,-56.781,-56.814
1.7625,WARMUP,FR,179.375,-177.0,-220.0,179.384,-177.0,-219.928,38.35,38.35,-56.755,-56.755
1.7625,WARMUP,FL,179.375,177.0,-220.0,179.521,177.0,-219.902,38.355,38.338,-56.775,-56.793
1.7625,WARMUP,RR,-179.375,-177.0,-220.0,-179.314,-177.0,-219.893,38.366,38.36,-56.781,-56.794
1.7625,WARMUP,RL,-179.375,177.0,-220.0,-179.287,177.0,-219.875,38.369,38.366,-56.781,-56.814
1.7833,WARMUP,FR,179.375,-177.0,-220.0,179.384,-177.0,-219.927,38.35,38.35,-56.755,-56.756
1.7833,WARMUP,FL,179.375,177.0,-220.0,179.521,177.0,-219.902,38.356,38.338,-56.775,-56.793
1.7833,WARMUP,RR,-179.375,-177.0,-220.0,-179.314,-177.0,-219.893,38.366,38.361,-56.781,-56.794
1.7833,WARMUP,RL,-179.375,177.0,-220.0,-179.287,177.0,-219.875,38.369,38.366,-56.781,-56.814
1.8042,WARMUP,FR,179.375,-177.0,-220.0,179.385,-177.0,-219.927,38.35,38.35,-56.756,-56.756
1.8042,WARMUP,FL,179.375,177.0,-220.0,179.52,177.0,-219.901,38.356,38.338,-56.775,-56.793
1.8042,WARMUP,RR,-179.375,-177.0,-220.0,-179.313,-177.0,-219.892,38.366,38.361,-56.781,-56.795
1.8042,WARMUP,RL,-179.375,177.0,-220.0,-179.287,177.0,-219.875,38.369,38.366,-56.781,-56.814
1.8208,WARMUP,FR,179.375,-177.0,-220.0,179.385,-177.0,-219.926,38.35,38.35,-56.756,-56.757
1.8208,WARMUP,FL,179.375,177.0,-220.0,179.52,177.0,-219.901,38.356,38.338,-56.775,-56.793
1.8208,WARMUP,RR,-179.375,-177.0,-220.0,-179.313,-177.0,-219.892,38.366,38.361,-56.781,-56.795
1.8208,WARMUP,RL,-179.375,177.0,-220.0,-179.287,177.0,-219.875,38.369,38.366,-56.781,-56.814
1.8417,WARMUP,FR,179.375,-177.0,-220.0,179.385,-177.0,-219.926,38.351,38.35,-56.756,-56.757
1.8417,WARMUP,FL,179.375,177.0,-220.0,179.52,177.0,-219.901,38.356,38.338,-56.775,-56.793
1.8417,WARMUP,RR,-179.375,-177.0,-220.0,-179.313,-177.0,-219.892,38.366,38.361,-56.781,-56.795
1.8417,WARMUP,RL,-179.375,177.0,-220.0,-179.288,177.0,-219.875,38.369,38.366,-56.781,-56.814
1.8625,WARMUP,FR,179.375,-177.0,-220.0,179.385,-177.0,-219.926,38.351,38.351,-56.757,-56.757
1.8625,WARMUP,FL,179.375,177.0,-220.0,179.519,177.0,-219.901,38.356,38.338,-56.775,-56.793
1.8625,WARMUP,RR,-179.375,-177.0,-220.0,-179.313,-177.0,-219.892,38.366,38.361,-56.781,-56.795
1.8625,WARMUP,RL,-179.375,177.0,-220.0,-179.288,177.0,-219.875,38.369,38.366,-56.781,-56.814
1.8833,WARMUP,FR,179.375,-177.0,-220.0,179.386,-177.0,-219.926,38.351,38.351,-56.757,-56.757
1.8833,WARMUP,FL,179.375,177.0,-220.0,179.519,177.0,-219.901,38.356,38.338,-56.775,-56.793
1.8833,WARMUP,RR,-179.375,-177.0,-220.0,-179.313,-177.0,-219.892,38.366,38.361,-56.781,-56.795
1.8833,WARMUP,RL,-179.375,177.0,-220.0,-179.288,177.0,-219.875,38.369,38.366,-56.781,-56.814
1.9042,WARMUP,FR,179.375,-177.0,-220.0,179.386,-177.0,-219.926,38.351,38.351,-56.757,-56.757
1.9042,WARMUP,FL,179.375,177.0,-220.0,179.519,177.0,-219.901,38.356,38.338,-56.775,-56.793
1.9042,WARMUP,RR,-179.375,-177.0,-220.0,-179.313,-177.0,-219.892,38.366,38.361,-56.781,-56.795
1.9042,WARMUP,RL,-179.375,177.0,-220.0,-179.288,177.0,-219.875,38.369,38.366,-56.781,-56.814
1.9208,WARMUP,FR,179.375,-177.0,-220.0,179.387,-177.0,-219.926,38.351,38.35,-56.757,-56.758
1.9208,WARMUP,FL,179.375,177.0,-220.0,179.519,177.0,-219.901,38.356,38.338,-56.775,-56.793
1.9208,WARMUP,RR,-179.375,-177.0,-220.0,-179.312,-177.0,-219.892,38.366,38.361,-56.781,-56.795
1.9208,WARMUP,RL,-179.375,177.0,-220.0,-179.288,177.0,-219.875,38.369,38.366,-56.781,-56.814
1.9417,WARMUP,FR,179.375,-177.0,-220.0,179.387,-177.0,-219.925,38.351,38.35,-56.757,-56.758
1.9417,WARMUP,FL,179.375,177.0,-220.0,179.518,177.0,-219.901,38.356,38.338,-56.775,-56.793
1.9417,WARMUP,RR,-179.375,-177.0,-220.0,-179.312,-177.0,-219.892,38.367,38.361,-56.781,-56.795
1.9417,WARMUP,RL,-179.375,177.0,-220.0,-179.288,177.0,-219.875,38.369,38.366,-56.781,-56.814
1.9625,WARMUP,FR,179.375,-177.0,-220.0,179.388,-177.0,-219.925,38.351,38.35,-56.757,-56.758
1.9625,WARMUP,FL,179.375,177.0,-220.0,179.518,177.0,-219.902,38.356,38.338,-56.775,-56.793
1.9625,WARMUP,RR,-179.375,-177.0,-220.0,-179.312,-177.0,-219.892,38.367,38.361,-56.781,-56.795
1.9625,WARMUP,RL,-179.375,177.0,-220.0,-179.288,177.0,-219.875,38.369,38.366,-56.781,-56.814
1.9833,WARMUP,FR,179.375,-177.0,-220.0,179.388,-177.0,-219.925,38.351,38.35,-56.757,-56.758
1.9833,WARMUP,FL,179.375,177.0,-220.0,179.518,177.0,-219.902,38.356,38.338,-56.775,-56.792
1.9833,WARMUP,RR,-179.375,-177.0,-220.0,-179.312,-177.0,-219.892,38.367,38.361,-56.781,-56.796
1.9833,WARMUP,RL,-179.375,177.0,-220.0,-179.288,177.0,-219.875,38.369,38.366,-56.781,-56.814
2.0042,IDLE_MARCH,FR,179.375,-177.0,-220.0,179.388,-177.0,-219.925,38.35,38.35,-56.757,-56.758
2.0042,IDLE_MARCH,FL,179.375,177.0,-220.0,179.518,177.0,-219.902,38.356,38.338,-56.775,-56.792
2.0042,IDLE_MARCH,RR,-179.375,-177.0,-220.0,-179.312,-177.0,-219.892,38.367,38.361,-56.781,-56.796
2.0042,IDLE_MARCH,RL,-179.375,177.0,-220.0,-179.289,177.0,-219.875,38.369,38.366,-56.781,-56.814
2.0208,IDLE_MARCH,FR,179.375,-177.0,-220.0,179.429,-177.0,-219.921,38.346,38.345,-56.765,-56.766
2.0208,IDLE_MARCH,FL,179.375,177.0,-220.0,179.558,177.0,-219.899,38.356,38.332,-56.775,-56.799
2.0208,IDLE_MARCH,RR,-179.375,-177.0,-220.0,-179.271,-177.0,-219.882,38.368,38.359,-56.781,-56.808
2.0208,IDLE_MARCH,RL,-179.375,177.0,-220.0,-179.249,177.0,-219.865,38.371,38.365,-56.784,-56.827
2.0417,IDLE_MARCH,FR,179.375,-177.0,-220.0,179.458,-177.0,-219.917,38.346,38.341,-56.766,-56.771
2.0417,IDLE_MARCH,FL,179.375,177.0,-197.041,179.585,177.0,-219.876,41.808,38.872,-62.573,-57.696
2.0417,IDLE_MARCH,RR,-179.375,-177.0,-197.041,-179.245,-177.001,-219.886,41.818,38.895,-62.589,-57.709
2.0417,IDLE_MARCH,RL,-179.375,177.0,-220.0,-179.223,176.999,-219.849,38.379,38.369,-56.796,-56.846
2.0625,IDLE_MARCH,FR,179.375,-177.0,-220.0,179.569,-177.003,-219.873,38.369,38.347,-56.781,-56.827
2.0625,IDLE_MARCH,FL,179.375,177.0,-220.0,180.262,176.995,-208.403,43.961,45.691,-65.414,-68.561
2.0625,IDLE_MARCH,RR,-179.375,-177.0,-220.0,-178.484,-177.004,-208.49,43.967,45.699,-65.422,-68.574
2.0625,IDLE_MARCH,RL,-179.375,177.0,-220.0,-179.106,176.998,-219.811,38.396,38.369,-56.823,-56.893
2.0833,IDLE_MARCH,FR,179.375,-177.0,-220.0,179.753,-177.037,-219.64,38.372,38.347,-56.785,-56.84
2.0833,IDLE_MARCH,FL,179.375,177.0,-220.0,178.917,176.964,-211.416,41.532,42.595,-61.711,-63.243
2.0833,IDLE_MARCH,RR,-179.375,-177.0,-220.0,-179.872,-177.007,-211.514,41.537,42.602,-61.718,-63.25
2.0833,IDLE_MARCH,RL,-179.375,177.0,-220.0,-178.911,176.992,-219.755,38.429,38.397,-56.877,-56.971
2.1042,IDLE_MARCH,FR,179.375,-177.0,-197.041,179.577,-177.0,-219.631,41.834,38.893,-62.614,-57.754
2.1042,IDLE_MARCH,FL,179.375,177.0,-220.0,179.159,177.0,-216.567,39.576,39.937,-58.677,-59.251
2.1042,IDLE_MARCH,RR,-179.375,-177.0,-220.0,-179.6,-177.001,-216.485,39.583,39.947,-58.688,-59.264
2.1042,IDLE_MARCH,RL,-179.375,177.0,-197.041,-179.052,176.999,-219.388,41.915,38.974,-62.741,-57.919
2.1208,IDLE_MARCH,FR,179.375,-177.0,-206.224,180.383,-176.871,-211.321,45.313,44.835,-67.764,-67.335
2.1208,IDLE_MARCH,FL,179.375,177.0,-220.0,179.396,177.128,-218.746,38.929,39.08,-57.663,-57.951
2.1208,IDLE_MARCH,RR,-179.375,-177.0,-220.0,-179.234,-176.999,-218.798,38.939,39.079,-57.679,-57.98
2.1208,IDLE_MARCH,RL,-179.375,177.0,-206.224,-178.509,177.002,-211.326,45.36,44.902,-67.835,-67.43
2.1417,IDLE_MARCH,FR,179.375,-177.0,-220.0,178.987,-176.989,-210.057,42.135,43.415,-62.637,-64.506
2.1417,IDLE_MARCH,FL,179.375,177.0,-220.0,179.548,177.009,-219.452,38.584,38.649,-57.12,-57.247
2.1417,IDLE_MARCH,RR,-179.375,-177.0,-220.0,-179.003,-176.997,-219.356,38.651,38.672,-57.225,-57.42
2.1417,IDLE_MARCH,RL,-179.375,177.0,-220.0,-179.774,177.005,-210.165,42.149,43.434,-62.658,-64.533
2.1625,IDLE_MARCH,FR,179.375,-177.0,-220.0,179.149,-177.0,-216.126,39.848,40.297,-59.101,-59.802
2.1625,IDLE_MARCH,FL,179.375,177.0,-206.224,179.618,177.0,-219.698,40.242,38.451,-59.938,-57.017
2.1625,IDLE_MARCH,RR,-179.375,-177.0,-206.224,-178.809,-177.001,-219.459,40.373,38.551,-60.144,-57.311
2.1625,IDLE_MARCH,RL,-179.375,177.0,-220.0,-179.604,176.999,-216.12,39.845,40.294,-59.097,-59.796
2.1833,IDLE_MARCH,FR,179.375,-177.0,-220.0,179.516,-177.006,-218.715,38.944,39.083,-57.686,-57.99
2.1833,IDLE_MARCH,FL,179.375,177.0,-206.224,180.283,176.991,-211.17,45.34,44.872,-67.805,-67.391
2.1833,IDLE_MARCH,RR,-179.375,-177.0,-206.224,-178.513,-177.009,-211.163,45.422,44.994,-67.928,-67.553
2.1833,IDLE_MARCH,RL,-179.375,177.0,-220.0,-179.234,176.994,-218.698,38.942,39.08,-57.683,-57.987
2.2042,IDLE_MARCH,FR,179.375,-177.0,-220.0,179.497,-177.005,-219.43,38.597,38.65,-57.141,-57.284
2.2042,IDLE_MARCH,FL,179.375,177.0,-220.0,178.929,176.992,-210.013,42.141,43.424,-62.647,-64.518
2.2042,IDLE_MARCH,RR,-179.375,-177.0,-220.0,-179.834,-177.007,-210.07,42.172,43.466,-62.693,-64.581
2.2042,IDLE_MARCH,RL,-179.375,177.0,-220.0,-179.018,176.995,-219.312,38.641,38.662,-57.21,-57.4
2.2208,IDLE_MARCH,FR,179.375,-177.0,-220.0,179.645,-177.002,-219.643,38.485,38.48,-56.964,-57.075
2.2208,IDLE_MARCH,FL,179.375,177.0,-220.0,179.057,176.998,-215.232,40.167,40.725,-59.597,-60.448
2.2208,IDLE_MARCH,RR,-179.375,-177.0,-220.0,-179.701,-177.002,-215.247,40.182,40.747,-59.622,-60.479
2.2208,IDLE_MARCH,RL,-179.375,177.0,-220.0,-178.88,176.998,-219.449,38.572,38.548,-57.101,-57.277
2.2417,IDLE_MARCH,FR,179.375,-177.0,-197.041,179.543,-177.041,-213.814,45.528,43.405,-68.324,-65.103
2.2417,IDLE_MARCH,FL,179.375,177.0,-220.0,178.678,176.952,-218.522,39.039,39.24,-57.835,-58.159
2.2417,IDLE_MARCH,RR,-179.375,-177.0,-220.0,-179.923,-177.199,-216.971,39.043,39.246,-57.841,-58.167
2.2417,IDLE_MARCH,RL,-179.375,177.0,-197.041,-179.346,176.808,-213.316,45.598,43.501,-68.43,-65.241
2.2625,IDLE_MARCH,FR,179.375,-177.0,-220.0,179.271,-176.983,-208.485,42.784,44.282,-63.629,-65.891
2.2625,IDLE_MARCH,FL,179.375,177.0,-220.0,179.599,177.014,-219.36,38.63,38.709,-57.193,-57.339
2.2625,IDLE_MARCH,RR,-179.375,-177.0,-220.0,-179.044,-176.995,-219.325,38.674,38.73,-57.261,-57.449
2.2625,IDLE_MARCH,RL,-179.375,177.0,-220.0,-179.501,177.008,-208.611,42.807,44.315,-63.664,-65.94
2.2833,IDLE_MARCH,FR,179.375,-177.0,-220.0,179.064,-176.999,-215.251,40.173,40.734,-59.608,-60.461
2.2833,IDLE_MARCH,FL,179.375,177.0,-220.0,179.643,177.001,-219.658,38.479,38.473,-56.955,-57.063
2.2833,IDLE_MARCH,RR,-179.375,-177.0,-220.0,-178.833,-177.0,-219.464,38.584,38.554,-57.12,-57.306
2.2833,IDLE_MARCH,RL,-179.375,177.0,-220.0,-179.689,177.0,-215.272,40.174,40.736,-59.609,-60.463
2.3042,IDLE_MARCH,FR,179.375,-177.0,-220.0,179.41,-177.007,-218.483,39.055,39.244,-57.861,-58.205
2.3042,IDLE_MARCH,FL,179.375,177.0,-197.041,180.115,176.992,-214.279,45.523,43.398,-68.316,-65.093
2.3042,IDLE_MARCH,RR,-179.375,-177.0,-197.041,-178.622,-177.008,-214.29,45.608,43.515,-68.445,-65.259
2.3042,IDLE_MARCH,RL,-179.375,177.0,-220.0,-179.34,176.994,-218.472,39.051,39.239,-57.855,-58.197
2.3208,IDLE_MARCH,FR,179.375,-177.0,-220.0,179.648,-177.005,-219.215,38.7,38.791,-57.302,-57.483
2.3208,IDLE_MARCH,FL,179.375,177.0,-220.0,179.663,176.99,-207.244,43.395,45.073,-64.557,-67.228
2.3208,IDLE_MARCH,RR,-179.375,-177.0,-220.0,-179.129,-177.005,-207.353,43.435,45.134,-64.619,-67.313
2.3208,IDLE_MARCH,RL,-179.375,177.0,-220.0,-179.055,177.0,-219.17,38.715,38.796,-57.327,-57.524
2.3417,IDLE_MARCH,FR,179.375,-177.0,-220.0,179.649,-177.002,-219.601,38.507,38.507,-56.998,-57.119
2.3417,IDLE_MARCH,FL,179.375,177.0,-220.0,178.951,176.997,-214.197,40.553,41.251,-60.198,-61.233
2.3417,IDLE_MARCH,RR,-179.375,-177.0,-220.0,-179.806,-177.003,-214.228,40.57,41.275,-60.224,-61.267
2.3417,IDLE_MARCH,RL,-179.375,177.0,-220.0,-178.876,176.998,-219.426,38.583,38.562,-57.119,-57.3
2.3625,IDLE_MARCH,FR,179.375,-177.0,-192.449,179.545,-177.003,-216.228,44.803,41.7,-67.337,-62.35
2.3625,IDLE_MARCH,FL,179.375,177.0,-220.0,179.054,176.997,-217.157,39.183,39.426,-58.06,-58.45
2.3625,IDLE_MARCH,RR,-179.375,-177.0,-220.0,-179.699,-177.004,-216.995,39.191,39.437,-58.074,-58.467
2.3625,IDLE_MARCH,RL,-179.375,177.0,-192.449,-179.134,176.996,-215.843,44.883,41.797,-67.46,-62.508
2.3833,IDLE_MARCH,FR,179.375,-177.0,-220.0,179.757,-176.969,-207.248,43.399,45.079,-64.564,-67.239
2.3833,IDLE_MARCH,FL,179.375,177.0,-220.0,179.661,177.027,-219.244,38.687,38.777,-57.282,-57.457
2.3833,IDLE_MARCH,RR,-179.375,-177.0,-220.0,-178.934,-177.015,-219.24,38.713,38.792,-57.323,-57.52
2.3833,IDLE_MARCH,RL,-179.375,177.0,-220.0,-179.058,176.989,-207.425,43.429,45.123,-64.609,-67.301
2.4042,IDLE_MARCH,FR,179.375,-177.0,-220.0,178.964,-176.998,-214.215,40.559,41.259,-60.207,-61.245
2.4042,IDLE_MARCH,FL,179.375,177.0,-220.0,179.639,177.002,-219.617,38.5,38.501,-56.988,-57.104
2.4042,IDLE_MARCH,RR,-179.375,-177.0,-220.0,-178.834,-176.999,-219.447,38.594,38.569,-57.137,-57.328
2.4042,IDLE_MARCH,RL,-179.375,177.0,-220.0,-179.789,177.001,-214.255,40.563,41.265,-60.213,-61.253
2.4208,IDLE_MARCH,FR,179.375,-177.0,-220.0,179.096,-177.0,-216.933,39.367,39.664,-58.35,-58.826
2.4208,IDLE_MARCH,FL,179.375,177.0,-192.449,179.458,177.0,-218.404,43.488,40.121,-65.302,-59.758
2.4208,IDLE_MARCH,RR,-179.375,-177.0,-192.449,-179.104,-176.998,-218.053,43.595,40.235,-65.469,-59.976
2.4208,IDLE_MARCH,RL,-179.375,177.0,-220.0,-179.654,177.002,-216.813,39.364,39.661,-58.345,-58.82
2.4417,IDLE_MARCH,FR,179.375,-177.0,-220.0,179.703,-176.999,-219.071,38.768,38.869,-57.41,-57.628
2.4417,IDLE_MARCH,FL,179.375,177.0,-220.0,180.126,176.997,-206.909,43.871,45.654,-65.277,-68.306
2.4417,IDLE_MARCH,RR,-179.375,-177.0,-220.0,-178.684,-176.996,-207.023,43.921,45.731,-65.353,-68.409
2.4417,IDLE_MARCH,RL,-179.375,177.0,-220.0,-179.001,177.008,-219.056,38.777,38.872,-57.423,-57.651
2.4625,IDLE_MARCH,FR,179.375,-177.0,-220.0,179.627,-177.003,-219.552,38.532,38.543,-57.037,-57.166
2.4625,IDLE_MARCH,FL,179.375,177.0,-220.0,178.86,176.996,-212.969,41.011,41.88,-60.907,-62.168
2.4625,IDLE_MARCH,RR,-179.375,-177.0,-220.0,-179.896,-177.004,-213.016,41.031,41.907,-60.938,-62.208
2.4625,IDLE_MARCH,RL,-179.375,177.0,-220.0,-178.896,176.997,-219.397,38.598,38.585,-57.142,-57.327
2.4833,IDLE_MARCH,FR,179.375,-177.0,-192.449,179.453,-177.001,-218.39,43.493,40.128,-65.31,-59.768
2.4833,IDLE_MARCH,FL,179.375,177.0,-220.0,179.094,176.999,-216.911,39.362,39.657,-58.341,-58.814
2.4833,IDLE_MARCH,RR,-179.375,-177.0,-220.0,-179.661,-177.004,-216.792,39.372,39.671,-58.357,-58.834
2.4833,IDLE_MARCH,RL,-179.375,177.0,-192.449,-179.146,176.997,-218.045,43.582,40.223,-65.449,-59.949
2.5042,IDLE_MARCH,FR,179.375,-177.0,-220.0,180.212,-176.944,-206.932,43.876,45.661,-65.286,-68.319
2.5042,IDLE_MARCH,FL,179.375,177.0,-220.0,179.653,177.053,-219.105,38.755,38.858,-57.389,-57.596
2.5042,IDLE_MARCH,RR,-179.375,-177.0,-220.0,-178.912,-177.019,-219.127,38.778,38.866,-57.425,-57.656
2.5042,IDLE_MARCH,RL,-179.375,177.0,-220.0,-178.642,176.984,-207.075,43.913,45.717,-65.341,-68.396
2.5208,IDLE_MARCH,FR,179.375,-177.0,-220.0,178.856,-176.995,-211.57,41.549,42.618,-61.737,-63.277
2.5208,IDLE_MARCH,FL,179.375,177.0,-220.0,179.537,177.004,-219.518,38.553,38.587,-57.072,-57.199
2.5208,IDLE_MARCH,RR,-179.375,-177.0,-220.0,-178.935,-176.997,-219.398,38.624,38.625,-57.183,-57.375
2.5208,IDLE_MARCH,RL,-179.375,177.0,-220.0,-179.9,177.004,-211.648,41.561,42.634,-61.755,-63.301
2.5417,IDLE_MARCH,FR,179.375,-177.0,-220.0,179.209,-177.0,-216.812,39.586,39.95,-58.692,-59.27
2.5417,IDLE_MARCH,FL,179.375,177.0,-220.0,179.583,177.0,-219.724,38.446,38.442,-56.902,-56.989
2.5417,IDLE_MARCH,RR,-179.375,-177.0,-220.0,-178.895,-177.001,-219.498,38.564,38.541,-57.089,-57.26
2.5417,IDLE_MARCH,RL,-179.375,177.0,-220.0,-179.543,176.999,-216.811,39.583,39.946,-58.687,-59.263
2.5625,IDLE_MARCH,FR,179.375,-177.0,-220.0,179.306,-176.999,-218.768,38.814,38.956,-57.482,-57.702
2.5625,IDLE_MARCH,FL,179.375,177.0,-220.0,179.401,177.001,-219.847,38.385,38.399,-56.806,-56.844
2.5625,IDLE_MARCH,RR,-179.375,-177.0,-220.0,-179.077,-177.0,-219.599,38.51,38.507,-57.004,-57.13
2.5625,IDLE_MARCH,RL,-179.375,177.0,-220.0,-179.446,177.0,-218.818,38.807,38.947,-57.471,-57.688
2.5833,IDLE_MARCH,FR,179.375,-177.0,-220.0,179.316,-177.006,-219.606,38.502,38.561,-56.991,-57.072
2.5833,IDLE_MARCH,FL,179.375,177.0,-206.224,179.352,176.994,-219.903,40.137,38.374,-59.772,-56.779
2.5833,IDLE_MARCH,RR,-179.375,-177.0,-206.224,-179.161,-177.005,-219.7,40.242,38.458,-59.938,-57.013
2.5833,IDLE_MARCH,RL,-179.375,177.0,-220.0,-179.39,176.995,-219.434,38.508,38.563,-57.0,-57.087
2.6042,IDLE_MARCH,FR,179.375,-177.0,-220.0,179.675,-177.004,-219.784,38.412,38.384,-56.849,-56.931
2.6042,IDLE_MARCH,FL,179.375,177.0,-197.041,179.835,176.995,-214.711,44.478,42.148,-66.719,-62.939
2.6042,IDLE_MARCH,RR,-179.375,-177.0,-197.041,-178.951,-177.005,-214.715,44.535,42.229,-66.807,-63.046
2.6042,IDLE_MARCH,RL,-179.375,177.0,-220.0,-179.067,176.996,-219.734,38.44,38.417,-56.893,-56.987
2.6208,IDLE_MARCH,FR,179.375,-177.0,-220.0,179.723,-177.002,-219.787,38.405,38.366,-56.839,-56.923
2.6208,IDLE_MARCH,FL,179.375,177.0,-192.449,179.935,176.997,-207.2,48.561,46.574,-73.011,-69.909
2.6208,IDLE_MARCH,RR,-179.375,-177.0,-192.449,-178.835,-177.003,-207.186,48.594,46.62,-73.06,-69.975
2.6208,IDLE_MARCH,RL,-179.375,177.0,-220.0,-179.023,176.998,-219.707,38.45,38.421,-56.909,-57.014
2.6417,IDLE_MARCH,FR,179.375,-177.0,-220.0,179.631,-177.001,-219.803,38.399,38.375,-56.829,-56.9
2.6417,IDLE_MARCH,FL,179.375,177.0,-192.449,179.825,176.997,-197.765,51.887,51.19,-77.849,-76.867
2.6417,IDLE_MARCH,RR,-179.375,-177.0,-192.449,-178.933,-177.003,-197.773,51.902,51.214,-77.872,-76.899
2.6417,IDLE_MARCH,RL,-179.375,177.0,-220.0,-179.115,176.999,-219.702,38.452,38.44,-56.911,-57.006
2.6625,IDLE_MARCH,FR,179.375,-177.0,-220.0,179.619,-177.002,-219.821,38.391,38.367,-56.815,-56.881
2.6625,IDLE_MARCH,FL,179.375,177.0,-197.041,179.472,176.996,-193.519,52.335,52.912,-78.316,-79.303
2.6625,IDLE_MARCH,RR,-179.375,-177.0,-197.041,-179.286,-177.004,-193.561,52.343,52.927,-78.328,-79.32
2.6625,IDLE_MARCH,RL,-179.375,177.0,-220.0,-179.126,176.998,-219.72,38.442,38.431,-56.897,-56.986
2.6833,IDLE_MARCH,FR,179.375,-177.0,-220.0,179.636,-177.002,-219.828,38.387,38.359,-56.809,-56.875
2.6833,IDLE_MARCH,FL,179.375,177.0,-206.224,179.151,176.996,-194.966,50.167,51.847,-74.915,-77.597
2.6833,IDLE_MARCH,RR,-179.375,-177.0,-206.224,-179.607,-177.004,-195.01,50.174,51.859,-74.924,-77.611
2.6833,IDLE_MARCH,RL,-179.375,177.0,-220.0,-179.109,176.999,-219.721,38.439,38.424,-56.892,-56.981
2.7042,IDLE_MARCH,FR,179.375,-177.0,-220.0,179.64,-177.001,-219.828,38.387,38.358,-56.81,-56.876
2.7042,IDLE_MARCH,FL,179.375,177.0,-220.0,178.914,176.997,-201.146,45.724,48.384,-68.051,-72.279
2.7042,IDLE_MARCH,RR,-179.375,-177.0,-220.0,-179.844,-177.003,-201.185,45.731,48.395,-68.062,-72.293
2.7042,IDLE_MARCH,RL,-179.375,177.0,-220.0,-179.104,176.999,-219.719,38.44,38.424,-56.894,-56.984
2.7208,IDLE_MARCH,FR,179.375,-177.0,-220.0,179.653,-177.001,-219.824,38.389,38.358,-56.812,-56.881
2.7208,IDLE_MARCH,FL,179.375,177.0,-220.0,178.768,176.998,-209.058,42.335,43.678,-62.943,-64.932
2.7208,IDLE_MARCH,RR,-179.375,-177.0,-220.0,-179.99,-177.002,-209.088,42.343,43.69,-62.955,-64.948
2.7208,IDLE_MARCH,RL,-179.375,177.0,-220.0,-179.09,176.999,-219.712,38.443,38.426,-56.898,-56.992
2.7417,IDLE_MARCH,FR,179.375,-177.0,-220.0,179.59,-177.002,-219.826,38.389,38.369,-56.812,-56.874
2.7417,IDLE_MARCH,FL,179.375,177.0,-220.0,179.173,176.998,-216.095,39.813,40.251,-59.046,-59.729
2.7417,IDLE_MARCH,RR,-179.375,-177.0,-220.0,-179.586,-177.002,-216.141,39.822,40.264,-59.06,-59.747
2.7417,IDLE_MARCH,RL,-179.375,177.0,-220.0,-179.151,176.998,-219.723,38.439,38.431,-56.892,-56.976
2.7625,IDLE_MARCH,FR,179.375,-177.0,-220.0,179.472,-177.012,-219.889,38.377,38.371,-56.794,-56.84
2.7625,IDLE_MARCH,FL,179.375,177.0,-220.0,179.176,176.989,-218.812,38.89,39.051,-57.602,-57.858
2.7625,IDLE_MARCH,RR,-179.375,-177.0,-220.0,-179.521,-177.073,-218.362,38.896,39.062,-57.611,-57.869
2.7625,IDLE_MARCH,RL,-179.375,177.0,-220.0,-179.328,176.926,-219.772,38.416,38.422,-56.855,-56.917
2.7833,IDLE_MARCH,FR,179.375,-177.0,-220.0,179.435,-176.994,-219.869,38.373,38.381,-56.787,-56.822
2.7833,IDLE_MARCH,FL,179.375,177.0,-220.0,179.463,177.006,-219.544,38.542,38.607,-57.053,-57.154
2.7833,IDLE_MARCH,RR,-179.375,-177.0,-220.0,-179.346,-176.993,-219.299,38.548,38.616,-57.063,-57.166
2.7833,IDLE_MARCH,RL,-179.375,177.0,-220.0,-179.319,177.007,-219.85,38.381,38.392,-56.8,-56.837
2.8042,IDLE_MARCH,FR,179.375,-177.0,-220.0,179.781,-176.968,-219.844,38.381,38.359,-56.8,-56.858
2.8042,IDLE_MARCH,FL,179.375,177.0,-220.0,179.405,177.032,-219.76,38.403,38.433,-56.835,-56.874
2.8042,IDLE_MARCH,RR,-179.375,-177.0,-220.0,-179.28,-177.002,-219.775,38.419,38.433,-56.861,-56.92
2.8042,IDLE_MARCH,RL,-179.375,177.0,-220.0,-179.005,176.998,-219.811,38.396,38.368,-56.824,-56.896
2.8208,IDLE_MARCH,FR,179.375,-177.0,-220.0,179.514,-177.0,-219.892,38.367,38.349,-56.781,-56.809
2.8208,IDLE_MARCH,FL,179.375,177.0,-220.0,179.363,177.0,-219.902,38.37,38.37,-56.78,-56.781
2.8208,IDLE_MARCH,RR,-179.375,-177.0,-220.0,-179.23,-177.0,-219.805,38.401,38.398,-56.831,-56.889
2.8208,IDLE_MARCH,RL,-179.375,177.0,-220.0,-179.049,177.0,-219.769,38.414,38.381,-56.852,-56.938
2.8417,IDLE_MARCH,FR,179.375,-177.0,-220.0,179.463,-177.0,-219.929,38.337,38.332,-56.756,-56.76
2.8417,IDLE_MARCH,FL,179.375,177.0,-220.0,179.314,177.0,-219.933,38.36,38.362,-56.746,-56.745
2.8417,IDLE_MARCH,RR,-179.375,-177.0,-220.0,-179.285,-177.0,-219.825,38.392,38.397,-56.817,-56.865
2.8417,IDLE_MARCH,RL,-179.375,177.0,-220.0,-179.103,177.0,-219.793,38.404,38.378,-56.836,-56.911
2.8625,IDLE_MARCH,FR,179.375,-177.0,-220.0,179.472,-177.0,-219.961,38.315,38.311,-56.727,-56.73
2.8625,IDLE_MARCH,FL,179.375,177.0,-220.0,179.323,177.0,-219.944,38.352,38.353,-56.736,-56.735
2.8625,IDLE_MARCH,RR,-179.375,-177.0,-220.0,-179.277,-177.0,-219.846,38.381,38.382,-56.8,-56.844
2.8625,IDLE_MARCH,RL,-179.375,177.0,-220.0,-179.095,177.0,-219.806,38.398,38.369,-56.826,-56.899
2.8833,IDLE_MARCH,FR,179.375,-177.0,-206.224,179.49,-177.0,-219.989,40.09,38.29,-59.698,-56.704
2.8833,IDLE_MARCH,FL,179.375,177.0,-220.0,179.342,177.0,-219.956,38.341,38.342,-56.725,-56.725
2.8833,IDLE_MARCH,RR,-179.375,-177.0,-220.0,-179.261,-177.0,-219.852,38.377,38.375,-56.794,-56.839
2.8833,IDLE_MARCH,RL,-179.375,177.0,-206.224,-179.079,177.0,-219.803,40.18,38.367,-59.841,-56.903
2.9042,IDLE_MARCH,FR,179.375,-177.0,-197.041,179.818,-176.996,-214.774,44.451,42.118,-66.679,-62.884
2.9042,IDLE_MARCH,FL,179.375,177.0,-220.0,179.499,177.003,-219.921,38.343,38.332,-56.764,-56.774
2.9042,IDLE_MARCH,RR,-179.375,-177.0,-220.0,-179.101,-176.997,-219.822,38.39,38.362,-56.815,-56.883
2.9042,IDLE_MARCH,RL,-179.375,177.0,-197.041,-178.956,177.004,-214.744,44.503,42.189,-66.758,-62.982
2.9208,IDLE_MARCH,FR,179.375,-177.0,-192.449,179.967,-176.996,-207.21,48.553,46.563,-72.999,-69.892
2.9208,IDLE_MARCH,FL,179.375,177.0,-220.0,179.637,177.003,-219.871,38.369,38.333,-56.781,-56.834
2.9208,IDLE_MARCH,RR,-179.375,-177.0,-220.0,-178.963,-176.998,-219.744,38.426,38.381,-56.871,-56.971
2.9208,IDLE_MARCH,RL,-179.375,177.0,-192.449,-178.794,177.004,-207.222,48.574,46.592,-73.03,-69.935
2.9417,IDLE_MARCH,FR,179.375,-177.0,-192.449,179.83,-176.998,-197.768,51.889,51.193,-77.852,-76.871
2.9417,IDLE_MARCH,FL,179.375,177.0,-220.0,179.609,177.001,-219.853,38.375,38.349,-56.79,-56.848
2.9417,IDLE_MARCH,RR,-179.375,-177.0,-220.0,-178.991,-176.999,-219.674,38.46,38.428,-56.925,-57.038
2.9417,IDLE_MARCH,RL,-179.375,177.0,-192.449,-178.921,177.002,-197.781,51.891,51.196,-77.855,-76.875
2.9625,IDLE_MARCH,FR,179.375,-177.0,-197.041,179.465,-176.998,-193.528,52.339,52.919,-78.322,-79.312
2.9625,IDLE_MARCH,FL,179.375,177.0,-220.0,179.555,177.001,-219.867,38.369,38.351,-56.781,-56.83
2.9625,IDLE_MARCH,RR,-179.375,-177.0,-220.0,-179.043,-177.0,-219.665,38.466,38.445,-56.934,-57.043
2.9625,IDLE_MARCH,RL,-179.375,177.0,-197.041,-179.287,177.001,-193.558,52.336,52.914,-78.317,-79.305
2.9833,IDLE_MARCH,FR,179.375,-177.0,-206.224,179.153,-176.998,-194.971,50.172,51.854,-74.921,-77.607
2.9833,IDLE_MARCH,FL,179.375,177.0,-220.0,179.554,177.001,-219.873,38.369,38.348,-56.781,-56.824
2.9833,IDLE_MARCH,RR,-179.375,-177.0,-220.0,-179.04,-177.0,-219.67,38.463,38.441,-56.93,-57.038
2.9833,IDLE_MARCH,RL,-179.375,177.0,-206.224,-179.598,177.001,-195.009,50.168,51.848,-74.915,-77.598
3.0042,IDLE_MARCH,FR,179.375,-177.0,-220.0,178.917,-176.999,-201.152,45.729,48.391,-68.059,-72.289
3.0042,IDLE_MARCH,FL,179.375,177.0,-220.0,179.567,177.001,-219.869,38.369,38.348,-56.781,-56.829
3.0042,IDLE_MARCH,RR,-179.375,-177.0,-220.0,-179.023,-177.0,-219.666,38.465,38.44,-56.932,-57.043
3.0042,IDLE_MARCH,RL,-179.375,177.0,-220.0,-179.835,177.001,-201.182,45.724,48.385,-68.052,-72.279
3.0208,IDLE_MARCH,FR,179.375,-177.0,-220.0,178.769,-176.999,-209.066,42.341,43.686,-62.952,-64.944
3.0208,IDLE_MARCH,FL,179.375,177.0,-220.0,179.581,177.001,-219.867,38.369,38.346,-56.781,-56.832
3.0208,IDLE_MARCH,RR,-179.375,-177.0,-220.0,-179.006,-177.0,-219.657,38.469,38.442,-56.939,-57.053
3.0208,IDLE_MARCH,RL,-179.375,177.0,-220.0,-179.983,177.0,-209.084,42.335,43.679,-62.944,-64.933
3.0417,IDLE_MARCH,FR,179.375,-177.0,-220.0,179.173,-176.999,-216.104,39.819,40.259,-59.056,-59.742
3.0417,IDLE_MARCH,FL,179.375,177.0,-220.0,179.515,177.001,-219.874,38.369,38.355,-56.781,-56.82
3.0417,IDLE_MARCH,RR,-179.375,-177.0,-220.0,-179.068,-177.0,-219.666,38.465,38.449,-56.933,-57.039
3.0417,IDLE_MARCH,RL,-179.375,177.0,-220.0,-179.579,177.0,-216.137,39.813,40.252,-59.046,-59.729
3.0625,IDLE_MARCH,FR,179.375,-177.0,-220.0,179.332,-176.998,-218.513,38.893,39.057,-57.606,-57.863
3.0625,IDLE_MARCH,FL,179.375,177.0,-220.0,179.491,177.002,-219.88,38.369,38.357,-56.781,-56.812
3.0625,IDLE_MARCH,RR,-179.375,-177.0,-220.0,-179.086,-176.998,-219.693,38.453,38.437,-56.913,-57.012
3.0625,IDLE_MARCH,RL,-179.375,177.0,-220.0,-179.42,177.002,-218.594,38.887,39.049,-57.597,-57.85
3.0833,IDLE_MARCH,FR,179.375,-177.0,-220.0,179.269,-177.008,-219.552,38.531,38.6,-57.037,-57.129
3.0833,IDLE_MARCH,FL,179.375,177.0,-220.0,179.428,176.992,-219.886,38.368,38.367,-56.781,-56.799
3.0833,IDLE_MARCH,RR,-179.375,-177.0,-220.0,-179.206,-177.006,-219.747,38.427,38.428,-56.873,-56.945
3.0833,IDLE_MARCH,RL,-179.375,177.0,-220.0,-179.403,176.994,-219.305,38.54,38.604,-57.051,-57.151
3.1042,IDLE_MARCH,FR,179.375,-177.0,-220.0,179.458,-177.009,-219.865,38.373,38.387,-56.788,-56.819
3.1042,IDLE_MARCH,FL,179.375,177.0,-220.0,179.603,176.991,-219.853,38.377,38.371,-56.793,-56.839
3.1042,IDLE_MARCH,RR,-179.375,-177.0,-220.0,-179.039,-177.001,-219.766,38.415,38.413,-56.853,-56.919
3.1042,IDLE_MARCH,RL,-179.375,177.0,-220.0,-179.308,176.999,-219.785,38.411,38.426,-56.847,-56.9
3.1208,IDLE_MARCH,FR,179.375,-177.0,-220.0,179.474,-177.0,-219.904,38.358,38.348,-56.777,-56.789
3.1208,IDLE_MARCH,FL,179.375,177.0,-220.0,179.507,177.0,-219.902,38.355,38.34,-56.775,-56.79
3.1208,IDLE_MARCH,RR,-179.375,-177.0,-220.0,-179.178,-177.0,-219.796,38.404,38.392,-56.836,-56.901
3.1208,IDLE_MARCH,RL,-179.375,177.0,-220.0,-179.235,177.0,-219.817,38.395,38.392,-56.823,-56.878
3.1417,IDLE_MARCH,FR,179.375,-177.0,-220.0,179.464,-177.0,-219.911,38.352,38.344,-56.772,-56.78
3.1417,IDLE_MARCH,FL,179.375,177.0,-220.0,179.498,177.0,-219.921,38.341,38.33,-56.762,-56.772
3.1417,IDLE_MARCH,RR,-179.375,-177.0,-220.0,-179.185,-177.0,-219.82,38.392,38.379,-56.817,-56.877
3.1417,IDLE_MARCH,RL,-179.375,177.0,-220.0,-179.243,177.0,-219.836,38.385,38.381,-56.807,-56.857
3.1625,IDLE_MARCH,FR,179.375,-177.0,-220.0,179.457,-177.0,-219.918,38.346,38.341,-56.766,-56.771
3.1625,IDLE_MARCH,FL,179.375,177.0,-220.0,179.49,177.0,-219.934,38.333,38.324,-56.75,-56.758
3.1625,IDLE_MARCH,RR,-179.375,-177.0,-220.0,-179.193,-177.0,-219.835,38.385,38.371,-56.806,-56.862
3.1625,IDLE_MARCH,RL,-179.375,177.0,-220.0,-179.249,177.0,-219.854,38.376,38.371,-56.793,-56.838
3.1833,IDLE_MARCH,FR,179.375,-177.0,-220.0,179.467,-177.0,-219.926,38.34,38.334,-56.758,-56.764
3.1833,IDLE_MARCH,FL,179.375,177.0,-206.224,179.5,177.0,-219.945,40.111,38.315,-59.732,-56.748
3.1833,IDLE_MARCH,RR,-179.375,-177.0,-206.224,-179.183,-177.0,-219.84,40.164,38.366,-59.815,-56.858
3.1833,IDLE_MARCH,RL,-179.375,177.0,-220.0,-179.239,177.0,-219.861,38.373,38.365,-56.787,-56.832
3.2042,IDLE_MARCH,FR,179.375,-177.0,-220.0,179.575,-177.002,-219.883,38.367,38.339,-56.782,-56.817
3.2042,IDLE_MARCH,FL,179.375,177.0,-197.041,179.798,176.997,-214.75,44.463,42.133,-66.696,-62.907
3.2042,IDLE_MARCH,RR,-179.375,-177.0,-197.041,-178.967,-177.003,-214.754,44.496,42.178,-66.747,-62.97
3.2042,IDLE_MARCH,RL,-179.375,177.0,-220.0,-179.13,176.998,-219.829,38.387,38.363,-56.81,-56.873
3.2208,IDLE_MARCH,FR,179.375,-177.0,-220.0,179.649,-177.002,-219.846,38.378,38.346,-56.796,-56.859
3.2208,IDLE_MARCH,FL,179.375,177.0,-192.449,179.955,176.997,-207.21,48.555,46.566,-73.002,-69.897
3.2208,IDLE_MARCH,RR,-179.375,-177.0,-192.449,-178.807,-177.003,-207.224,48.575,46.595,-73.032,-69.938
3.2208,IDLE_MARCH,RL,-179.375,177.0,-220.0,-179.055,176.998,-219.771,38.414,38.383,-56.852,-56.937
3.2417,IDLE_MARCH,FR,179.375,-177.0,-220.0,179.648,-177.001,-219.832,38.385,38.354,-56.806,-56.873
3.2417,IDLE_MARCH,FL,179.375,177.0,-192.449,179.84,176.998,-197.768,51.885,51.187,-77.847,-76.864
3.2417,IDLE_MARCH,RR,-179.375,-177.0,-192.449,-178.918,-177.002,-197.774,51.897,51.205,-77.864,-76.887
3.2417,IDLE_MARCH,RL,-179.375,177.0,-220.0,-179.06,176.999,-219.72,38.439,38.415,-56.892,-56.987
3.2625,IDLE_MARCH,FR,179.375,-177.0,-220.0,179.623,-177.001,-219.834,38.384,38.358,-56.805,-56.868
3.2625,IDLE_MARCH,FL,179.375,177.0,-197.041,179.468,176.998,-193.536,52.334,52.912,-78.315,-79.302
3.2625,IDLE_MARCH,RR,-179.375,-177.0,-197.041,-179.291,-177.002,-193.541,52.342,52.924,-78.326,-79.317
3.2625,IDLE_MARCH,RL,-179.375,177.0,-220.0,-179.086,176.999,-219.706,38.446,38.429,-56.903,-56.998
3.2833,IDLE_MARCH,FR,179.375,-177.0,-220.0,179.613,-177.0,-219.84,38.381,38.356,-56.801,-56.862
3.2833,IDLE_MARCH,FL,179.375,177.0,-206.224,179.15,176.999,-194.985,50.167,51.847,-74.915,-77.597
3.2833,IDLE_MARCH,RR,-179.375,-177.0,-206.224,-179.607,-177.001,-194.994,50.174,51.858,-74.924,-77.61
3.2833,IDLE_MARCH,RL,-179.375,177.0,-220.0,-179.096,177.0,-219.708,38.445,38.429,-56.902,-56.995
3.3042,IDLE_MARCH,FR,179.375,-177.0,-220.0,179.62,-177.0,-219.841,38.381,38.354,-56.8,-56.861
3.3042,IDLE_MARCH,FL,179.375,177.0,-220.0,178.918,176.999,-201.163,45.724,48.384,-68.052,-72.279
3.3042,IDLE_MARCH,RR,-179.375,-177.0,-220.0,-179.841,-177.001,-201.169,45.731,48.395,-68.061,-72.292
3.3042,IDLE_MARCH,RL,-179.375,177.0,-220.0,-179.087,177.0,-219.708,38.445,38.428,-56.902,-56.996
3.3208,IDLE_MARCH,FR,179.375,-177.0,-220.0,179.639,-177.0,-219.836,38.383,38.354,-56.803,-56.867
3.3208,IDLE_MARCH,FL,179.375,177.0,-220.0,178.771,177.0,-209.075,42.335,43.678,-62.943,-64.933
3.3208,IDLE_MARCH,RR,-179.375,-177.0,-220.0,-179.988,-177.0,-209.071,42.342,43.69,-62.954,-64.947
3.3208,IDLE_MARCH,RL,-179.375,177.0,-220.0,-179.067,177.0,-219.7,38.449,38.428,-56.907,-57.005
3.3417,IDLE_MARCH,FR,179.375,-177.0,-220.0,179.576,-177.0,-219.837,38.383,38.365,-56.804,-56.861
3.3417,IDLE_MARCH,FL,179.375,177.0,-220.0,179.174,176.999,-216.115,39.813,40.251,-59.046,-59.729
3.3417,IDLE_MARCH,RR,-179.375,-177.0,-220.0,-179.585,-177.0,-216.122,39.821,40.264,-59.059,-59.745
3.3417,IDLE_MARCH,RL,-179.375,177.0,-220.0,-179.129,177.0,-219.71,38.445,38.435,-56.901,-56.991
3.3625,IDLE_MARCH,FR,179.375,-177.0,-220.0,179.551,-177.002,-219.852,38.376,38.361,-56.793,-56.844
3.3625,IDLE_MARCH,FL,179.375,177.0,-220.0,179.332,176.998,-218.525,38.887,39.048,-57.596,-57.85
3.3625,IDLE_MARCH,RR,-179.375,-177.0,-220.0,-179.426,-177.002,-218.581,38.896,39.061,-57.61,-57.867
3.3625,IDLE_MARCH,RL,-179.375,177.0,-220.0,-179.151,176.998,-219.737,38.432,38.423,-56.881,-56.963
3.3833,IDLE_MARCH,FR,179.375,-177.0,-220.0,179.451,-176.993,-219.868,38.37,38.374,-56.783,-56.819
3.3833,IDLE_MARCH,FL,179.375,177.0,-220.0,179.475,177.007,-219.562,38.523,38.561,-57.024,-57.131
3.3833,IDLE_MARCH,RR,-179.375,-177.0,-220.0,-179.388,-176.993,-219.292,38.548,38.615,-57.063,-57.166
3.3833,IDLE_MARCH,RL,-179.375,177.0,-220.0,-179.26,177.007,-219.798,38.404,38.409,-56.836,-56.892
3.4042,IDLE_MARCH,FR,179.375,-177.0,-220.0,179.684,-176.995,-219.827,38.387,38.378,-56.809,-56.862
3.4042,IDLE_MARCH,FL,179.375,177.0,-220.0,179.21,177.005,-219.937,38.36,38.383,-56.74,-56.73
3.4042,IDLE_MARCH,RR,-179.375,-177.0,-220.0,-179.297,-177.0,-219.769,38.422,38.439,-56.865,-56.923
3.4042,IDLE_MARCH,RL,-179.375,177.0,-220.0,-179.026,177.0,-219.813,38.391,38.387,-56.815,-56.869
3.4208,IDLE_MARCH,FR,179.375,-177.0,-220.0,179.484,-177.0,-219.883,38.368,38.356,-56.781,-56.806
3.4208,IDLE_MARCH,FL,179.375,177.0,-220.0,179.328,177.0,-219.976,38.332,38.333,-56.705,-56.704
3.4208,IDLE_MARCH,RR,-179.375,-177.0,-220.0,-179.176,-177.0,-219.793,38.408,38.397,-56.842,-56.909
3.4208,IDLE_MARCH,RL,-179.375,177.0,-220.0,-179.191,177.0,-219.841,38.382,38.368,-56.802,-56.856
3.4417,IDLE_MARCH,FR,179.375,-177.0,-220.0,179.499,-177.0,-219.917,38.344,38.332,-56.764,-56.775
3.4417,IDLE_MARCH,FL,179.375,177.0,-220.0,179.341,177.0,-219.995,38.316,38.317,-56.686,-56.686
3.4417,IDLE_MARCH,RR,-179.375,-177.0,-220.0,-179.165,-177.0,-219.791,38.407,38.394,-56.842,-56.911
3.4417,IDLE_MARCH,RL,-179.375,177.0,-220.0,-179.177,177.0,-219.851,38.377,38.358,-56.793,-56.847
3.4625,IDLE_MARCH,FR,179.375,-177.0,-220.0,179.483,-177.0,-219.941,38.328,38.321,-56.744,-56.75
3.4625,IDLE_MARCH,FL,179.375,177.0,-220.0,179.325,177.0,-220.013,38.308,38.309,-56.666,-56.666
3.4625,IDLE_MARCH,RR,-179.375,-177.0,-220.0,-179.183,-177.0,-219.795,38.404,38.394,-56.837,-56.902
3.4625,IDLE_MARCH,RL,-179.375,177.0,-220.0,-179.193,177.0,-219.86,38.372,38.356,-56.787,-56.837
3.4833,IDLE_MARCH,FR,179.375,-177.0,-206.224,179.489,-177.0,-219.964,40.102,38.306,-59.718,-56.729
3.4833,IDLE_MARCH,FL,179.375,177.0,-220.0,179.332,177.0,-220.029,38.297,38.298,-56.651,-56.65
3.4833,IDLE_MARCH,RR,-179.375,-177.0,-220.0,-179.178,-177.0,-219.802,38.401,38.389,-56.831,-56.896
3.4833,IDLE_MARCH,RL,-179.375,177.0,-206.224,-179.186,177.0,-219.863,40.152,38.353,-59.796,-56.835
3.5042,IDLE_MARCH,FR,179.375,-177.0,-197.041,179.804,-176.997,-214.765,44.458,42.127,-66.689,-62.898
3.5042,IDLE_MARCH,FL,179.375,177.0,-220.0,179.445,177.002,-220.005,38.292,38.291,-56.684,-56.685
3.5042,IDLE_MARCH,RR,-179.375,-177.0,-220.0,-179.066,-176.997,-219.778,38.411,38.381,-56.847,-56.929
3.5042,IDLE_MARCH,RL,-179.375,177.0,-197.041,-178.956,177.003,-214.782,44.486,42.165,-66.732,-62.951
3.5208,IDLE_MARCH,FR,179.375,-177.0,-192.449,179.975,-176.996,-207.197,48.556,46.567,-73.003,-69.898
3.5208,IDLE_MARCH,FL,179.375,177.0,-220.0,179.586,177.002,-219.97,38.307,38.283,-56.715,-56.732
3.5208,IDLE_MARCH,RR,-179.375,-177.0,-220.0,-178.926,-176.997,-219.712,38.441,38.393,-56.895,-57.006
3.5208,IDLE_MARCH,RL,-179.375,177.0,-192.449,-178.779,177.004,-207.254,48.566,46.581,-73.018,-69.918
3.5417,IDLE_MARCH,FR,179.375,-177.0,-192.449,179.838,-176.998,-197.754,51.889,51.193,-77.852,-76.871
3.5417,IDLE_MARCH,FL,179.375,177.0,-220.0,179.62,177.0,-219.921,38.338,38.306,-56.757,-56.783
3.5417,IDLE_MARCH,RR,-179.375,-177.0,-220.0,-178.895,-176.999,-219.633,38.479,38.434,-56.954,-57.086
3.5417,IDLE_MARCH,RL,-179.375,177.0,-192.449,-178.912,177.002,-197.791,51.887,51.191,-77.85,-76.868
3.5625,IDLE_MARCH,FR,179.375,-177.0,-197.041,179.456,-177.0,-193.529,52.338,52.918,-78.321,-79.31
3.5625,IDLE_MARCH,FL,179.375,177.0,-220.0,179.548,177.0,-219.887,38.365,38.341,-56.781,-56.81
3.5625,IDLE_MARCH,RR,-179.375,-177.0,-220.0,-178.963,-177.0,-219.612,38.49,38.461,-56.972,-57.102
3.5625,IDLE_MARCH,RL,-179.375,177.0,-197.041,-179.294,177.001,-193.554,52.334,52.912,-78.315,-79.302
3.5833,IDLE_MARCH,FR,179.375,-177.0,-206.224,179.146,-177.0,-194.978,50.171,51.853,-74.92,-77.605
3.5833,IDLE_MARCH,FL,179.375,177.0,-220.0,179.499,177.0,-219.879,38.369,38.356,-56.781,-56.813
3.5833,IDLE_MARCH,RR,-179.375,-177.0,-220.0,-179.007,-177.0,-219.628,38.483,38.46,-56.961,-57.082
3.5833,IDLE_MARCH,RL,-179.375,177.0,-206.224,-179.604,177.001,-195.01,50.167,51.847,-74.915,-77.597
3.6042,IDLE_MARCH,FR,179.375,-177.0,-220.0,178.92,-176.999,-201.151,45.728,48.39,-68.057,-72.288
3.6042,IDLE_MARCH,FL,179.375,177.0,-220.0,179.514,177.0,-219.879,38.368,38.353,-56.781,-56.814
3.6042,IDLE_MARCH,RR,-179.375,-177.0,-220.0,-178.989,-176.999,-219.637,38.478,38.451,-56.954,-57.074
3.6042,IDLE_MARCH,RL,-179.375,177.0,-220.0,-179.83,177.001,-201.187,45.724,48.385,-68.052,-72.279
3.6208,IDLE_MARCH,FR,179.375,-177.0,-220.0,178.771,-177.0,-209.065,42.34,43.685,-62.95,-64.942
3.6208,IDLE_MARCH,FL,179.375,177.0,-220.0,179.542,177.0,-219.875,38.369,38.35,-56.781,-56.821
3.6208,IDLE_MARCH,RR,-179.375,-177.0,-220.0,-178.959,-177.0,-219.629,38.482,38.45,-56.959,-57.085
3.6208,IDLE_MARCH,RL,-179.375,177.0,-220.0,-179.979,177.0,-209.087,42.335,43.679,-62.943,-64.932
3.6417,IDLE_MARCH,FR,179.375,-177.0,-220.0,179.172,-177.0,-216.105,39.818,40.258,-59.054,-59.739
3.6417,IDLE_MARCH,FL,179.375,177.0,-220.0,179.478,177.0,-219.881,38.368,38.359,-56.781,-56.809
3.6417,IDLE_MARCH,RR,-179.375,-177.0,-220.0,-179.022,-176.999,-219.637,38.479,38.458,-56.955,-57.072
3.6417,IDLE_MARCH,RL,-179.375,177.0,-220.0,-179.579,177.001,-216.139,39.813,40.252,-59.046,-59.729
3.6625,IDLE_MARCH,FR,179.375,-177.0,-220.0,179.331,-176.999,-218.514,38.892,39.055,-57.604,-57.86
3.6625,IDLE_MARCH,FL,179.375,177.0,-220.0,179.451,177.001,-219.888,38.368,38.36,-56.781,-56.801
3.6625,IDLE_MARCH,RR,-179.375,-177.0,-220.0,-179.046,-176.998,-219.664,38.466,38.446,-56.934,-57.043
3.6625,IDLE_MARCH,RL,-179.375,177.0,-220.0,-179.419,177.002,-218.597,38.887,39.049,-57.596,-57.849
3.6833,IDLE_MARCH,FR,179.375,-177.0,-220.0,179.418,-177.008,-219.572,38.518,38.57,-57.016,-57.112
3.6833,IDLE_MARCH,FL,179.375,177.0,-220.0,179.45,176.992,-219.88,38.369,38.367,-56.781,-56.807
3.6833,IDLE_MARCH,RR,-179.375,-177.0,-220.0,-179.199,-177.008,-219.739,38.432,38.433,-56.881,-56.956
3.6833,IDLE_MARCH,RL,-179.375,177.0,-220.0,-179.388,176.992,-219.301,38.54,38.604,-57.05,-57.15
3.7042,IDLE_MARCH,FR,179.375,-177.0,-220.0,179.402,-177.035,-219.796,38.385,38.409,-56.806,-56.837
3.7042,IDLE_MARCH,FL,179.375,177.0,-220.0,179.654,176.965,-219.862,38.37,38.362,-56.783,-56.826
3.7042,IDLE_MARCH,RR,-179.375,-177.0,-220.0,-179.026,-176.997,-219.746,38.428,38.412,-56.874,-56.957
3.7042,IDLE_MARCH,RL,-179.375,177.0,-220.0,-179.285,177.003,-219.802,38.41,38.421,-56.846,-56.9
3.7208,IDLE_MARCH,FR,179.375,-177.0,-220.0,179.366,-177.0,-219.908,38.365,38.366,-56.774,-56.774
3.7208,IDLE_MARCH,FL,179.375,177.0,-220.0,179.571,177.0,-219.894,38.358,38.331,-56.777,-56.803
3.7208,IDLE_MARCH,RR,-179.375,-177.0,-220.0,-179.059,-177.0,-219.734,38.432,38.405,-56.88,-56.972
3.7208,IDLE_MARCH,RL,-179.375,177.0,-220.0,-179.23,177.0,-219.831,38.391,38.385,-56.816,-56.87
3.7417,IDLE_MARCH,FR,179.375,-177.0,-220.0,179.301,-177.0,-219.93,38.362,38.365,-56.748,-56.746
3.7417,IDLE_MARCH,FL,179.375,177.0,-220.0,179.506,177.0,-219.922,38.341,38.328,-56.76,-56.772
3.7417,IDLE_MARCH,RR,-179.375,-177.0,-220.0,-179.123,-177.0,-219.779,38.411,38.391,-56.848,-56.923
3.7417,IDLE_MARCH,RL,-179.375,177.0,-220.0,-179.297,177.0,-219.844,38.384,38.389,-56.805,-56.848
3.7625,IDLE_MARCH,FR,179.375,-177.0,-220.0,179.298,-177.0,-219.942,38.357,38.359,-56.735,-56.734
3.7625,IDLE_MARCH,FL,179.375,177.0,-220.0,179.504,177.0,-219.943,38.326,38.315,-56.742,-56.75
3.7625,IDLE_MARCH,RR,-179.375,-177.0,-220.0,-179.125,-177.0,-219.81,38.396,38.373,-56.824,-56.892
3.7625,IDLE_MARCH,RL,-179.375,177.0,-220.0,-179.3,177.0,-219.864,38.374,38.377,-56.788,-56.826
3.7833,IDLE_MARCH,FR,179.375,-177.0,-220.0,179.317,-177.0,-219.948,38.35,38.351,-56.73,-56.729
3.7833,IDLE_MARCH,FL,179.375,177.0,-206.224,179.524,177.0,-219.963,40.102,38.299,-59.717,-56.732
3.7833,IDLE_MARCH,RR,-179.375,-177.0,-206.224,-179.106,-177.0,-219.817,40.174,38.364,-59.831,-56.887
3.7833,IDLE_MARCH,RL,-179.375,177.0,-220.0,-179.282,177.0,-219.87,38.37,38.37,-56.783,-56.822
3.8042,IDLE_MARCH,FR,179.375,-177.0,-220.0,179.49,-177.002,-219.91,38.353,38.341,-56.772,-56.784
3.8042,IDLE_MARCH,FL,179.375,177.0,-197.041,179.819,176.997,-214.756,44.457,42.127,-66.688,-62.896
3.8042,IDLE_MARCH,RR,-179.375,-177.0,-197.041,-178.952,-177.003,-214.754,44.501,42.187,-66.755,-62.979
3.8042,IDLE_MARCH,RL,-179.375,177.0,-220.0,-179.106,176.997,-219.838,38.385,38.356,-56.806,-56.871
3.8208,IDLE_MARCH,FR,179.375,-177.0,-220.0,179.631,-177.002,-219.862,38.371,38.34,-56.784,-56.842
3.8208,IDLE_MARCH,FL,179.375,177.0,-192.449,179.965,176.996,-207.207,48.553,46.563,-72.999,-69.893
3.8208,IDLE_MARCH,RR,-179.375,-177.0,-192.449,-178.798,-177.004,-207.219,48.577,46.597,-73.035,-69.941
3.8208,IDLE_MARCH,RL,-179.375,177.0,-220.0,-178.967,176.998,-219.753,38.422,38.376,-56.864,-56.962
3.8417,IDLE_MARCH,FR,179.375,-177.0,-220.0,179.612,-177.001,-219.85,38.376,38.35,-56.793,-56.851
3.8417,IDLE_MARCH,FL,179.375,177.0,-192.449,179.833,176.998,-197.775,51.885,51.187,-77.847,-76.863
3.8417,IDLE_MARCH,RR,-179.375,-177.0,-192.449,-178.925,-177.002,-197.769,51.896,51.205,-77.863,-76.886
3.8417,IDLE_MARCH,RL,-179.375,177.0,-220.0,-178.992,176.999,-219.681,38.457,38.424,-56.92,-57.031
3.8625,IDLE_MARCH,FR,179.375,-177.0,-220.0,179.562,-177.0,-219.862,38.371,38.353,-56.785,-56.835
3.8625,IDLE_MARCH,FL,179.375,177.0,-197.041,179.466,176.999,-193.539,52.335,52.912,-78.316,-79.303
3.8625,IDLE_MARCH,RR,-179.375,-177.0,-197.041,-179.292,-177.001,-193.543,52.341,52.923,-78.324,-79.315
3.8625,IDLE_MARCH,RL,-179.375,177.0,-220.0,-179.044,177.0,-219.67,38.463,38.442,-56.93,-57.038
3.8833,IDLE_MARCH,FR,179.375,-177.0,-220.0,179.559,-177.0,-219.871,38.369,38.348,-56.781,-56.826
3.8833,IDLE_MARCH,FL,179.375,177.0,-206.224,179.153,176.999,-194.982,50.168,51.848,-74.916,-77.599
3.8833,IDLE_MARCH,RR,-179.375,-177.0,-206.224,-179.604,-177.001,-194.997,50.173,51.856,-74.922,-77.608
3.8833,IDLE_MARCH,RL,-179.375,177.0,-220.0,-179.045,177.0,-219.675,38.461,38.439,-56.926,-57.033
3.9042,IDLE_MARCH,FR,179.375,-177.0,-220.0,179.573,-177.0,-219.868,38.369,38.348,-56.781,-56.831
3.9042,IDLE_MARCH,FL,179.375,177.0,-220.0,178.918,176.999,-201.161,45.725,48.385,-68.053,-72.281
3.9042,IDLE_MARCH,RR,-179.375,-177.0,-220.0,-179.839,-177.001,-201.171,45.729,48.393,-68.06,-72.29
3.9042,IDLE_MARCH,RL,-179.375,177.0,-220.0,-179.03,177.0,-219.672,38.462,38.438,-56.927,-57.036
3.9208,IDLE_MARCH,FR,179.375,-177.0,-220.0,179.589,-177.0,-219.865,38.37,38.346,-56.782,-56.835
3.9208,IDLE_MARCH,FL,179.375,177.0,-220.0,178.77,177.0,-209.075,42.336,43.679,-62.944,-64.934
3.9208,IDLE_MARCH,RR,-179.375,-177.0,-220.0,-179.988,-177.0,-209.072,42.341,43.688,-62.952,-64.944
3.9208,IDLE_MARCH,RL,-179.375,177.0,-220.0,-179.012,177.0,-219.664,38.466,38.44,-56.934,-57.046
3.9417,IDLE_MARCH,FR,179.375,-177.0,-220.0,179.523,-177.0,-219.87,38.369,38.356,-56.781,-56.824
3.9417,IDLE_MARCH,FL,179.375,177.0,-220.0,179.174,177.0,-216.114,39.814,40.252,-59.047,-59.731
3.9417,IDLE_MARCH,RR,-179.375,-177.0,-220.0,-179.585,-177.0,-216.125,39.82,40.262,-59.057,-59.743
3.9417,IDLE_MARCH,RL,-179.375,177.0,-220.0,-179.076,177.0,-219.673,38.462,38.446,-56.928,-57.031
3.9625,IDLE_MARCH,FR,179.375,-177.0,-220.0,179.5,-177.001,-219.878,38.369,38.356,-56.781,-56.815
3.9625,IDLE_MARCH,FL,179.375,177.0,-220.0,179.333,176.998,-218.522,38.888,39.05,-57.598,-57.852
3.9625,IDLE_MARCH,RR,-179.375,-177.0,-220.0,-179.424,-177.002,-218.582,38.894,39.059,-57.608,-57.864
3.9625,IDLE_MARCH,RL,-179.375,177.0,-220.0,-179.096,176.998,-219.7,38.449,38.434,-56.908,-57.003
3.9833,IDLE_MARCH,FR,179.375,-177.0,-220.0,179.44,-176.993,-219.873,38.369,38.374,-56.781,-56.813
3.9833,IDLE_MARCH,FL,179.375,177.0,-220.0,179.455,177.008,-219.565,38.522,38.564,-57.022,-57.126
3.9833,IDLE_MARCH,RR,-179.375,-177.0,-220.0,-179.388,-176.992,-219.29,38.546,38.613,-57.06,-57.163
3.9833,IDLE_MARCH,RL,-179.375,177.0,-220.0,-179.226,177.008,-219.769,38.418,38.42,-56.858,-56.924
4.0042,IDLE_MARCH,FR,179.375,-177.0,-220.0,179.66,-176.971,-219.855,38.374,38.363,-56.788,-56.835
4.0042,IDLE_MARCH,FL,179.375,177.0,-220.0,179.393,177.029,-219.796,38.385,38.412,-56.806,-56.836
4.0042,IDLE_MARCH,RR,-179.375,-177.0,-220.0,-179.295,-177.002,-219.784,38.417,38.432,-56.856,-56.913
4.0042,IDLE_MARCH,RL,-179.375,177.0,-220.0,-179.03,176.999,-219.765,38.419,38.398,-56.86,-56.941
4.0208,WALKING,FR,152.232,-177.0,-220.0,179.573,-177.0,-219.898,43.277,38.331,-53.44,-56.804
4.0208,WALKING,FL,195.089,177.0,-220.0,179.359,177.0,-219.916,35.29,38.363,-58.384,-56.768
4.0208,WALKING,RR,-163.661,-177.0,-220.0,-179.248,-177.0,-219.818,35.336,38.395,-58.455,-56.877
4.0208,WALKING,RL,-206.518,177.0,-220.0,-179.046,177.0,-219.743,43.349,38.397,-53.556,-56.965
4.0417,WALKING,FR,149.375,-177.0,-220.0,151.926,-176.866,-220.32,43.033,43.096,-51.842,-51.798
4.0417,WALKING,FL,192.232,177.0,-220.0,196.031,177.154,-219.277,35.519,34.589,-57.587,-58.239
4.0417,WALKING,RR,-166.518,-177.0,-220.0,-162.591,-177.008,-219.217,35.547,34.63,-57.632,-58.293
4.0417,WALKING,RL,-209.375,177.0,-220.0,-206.673,176.972,-219.405,43.481,43.641,-52.587,-52.708
4.0625,WALKING,FR,149.375,-177.0,-220.0,148.769,-176.967,-219.331,42.975,42.996,-51.777,-51.725
4.0625,WALKING,FL,189.375,177.0,-220.0,192.157,177.039,-219.092,35.993,35.559,-57.156,-57.364
4.0625,WALKING,RR,-169.375,-177.0,-220.0,-166.361,-177.017,-219.935,36.041,35.619,-57.25,-57.499
4.0625,WALKING,RL,-209.375,177.0,-220.0,-210.011,176.977,-219.672,43.226,43.309,-52.18,-52.217
4.0833,WALKING,FR,155.847,-177.0,-213.112,149.296,-177.001,-220.115,42.868,42.969,-54.004,-51.803
4.0833,WALKING,FL,186.518,177.0,-220.0,189.277,176.999,-220.014,36.655,36.108,-57.024,-57.306
4.0833,WALKING,RR,-172.232,-177.0,-220.0,-169.63,-177.002,-219.913,36.699,36.188,-57.105,-57.406
4.0833,WALKING,RL,-202.903,177.0,-213.112,-209.476,176.998,-219.859,43.012,43.142,-54.234,-52.08
4.1042,WALKING,FR,164.419,-177.0,-208.52,155.599,-177.01,-218.315,43.633,43.783,-58.762,-55.818
4.1042,WALKING,FL,183.661,177.0,-220.0,185.937,176.99,-220.103,37.278,36.785,-56.828,-57.068
4.1042,WALKING,RR,-175.089,-177.0,-220.0,-172.304,-177.003,-219.87,37.371,36.858,-57.008,-57.33
4.1042,WALKING,RL,-194.331,177.0,-208.52,-203.125,176.997,-218.083,43.702,43.868,-58.871,-55.954
4.1208,WALKING,FR,174.25,-177.0,-206.224,163.368,-177.012,-215.146,44.008,44.628,-63.575,-60.686
4.1208,WALKING,FL,180.804,177.0,-220.0,183.375,176.99,-220.102,37.895,37.378,-56.624,-56.882
4.1208,WALKING,RR,-177.946,-177.0,-220.0,-174.96,-177.009,-219.791,38.041,37.493,-56.878,-57.24
4.1208,WALKING,RL,-184.5,177.0,-206.224,-195.388,176.989,-214.771,44.041,44.671,-63.625,-60.749
4.1417,WALKING,FR,184.5,-177.0,-206.224,175.038,-177.03,-210.302,43.957,45.256,-67.866,-66.12
4.1417,WALKING,FL,177.946,177.0,-220.0,179.951,176.974,-220.096,38.512,38.032,-56.419,-56.672
4.1417,WALKING,RR,-180.804,-177.0,-220.0,-178.536,-177.015,-219.774,38.669,38.209,-56.668,-57.003
4.1417,WALKING,RL,-174.25,177.0,-206.224,-183.706,176.981,-209.98,43.966,45.268,-67.879,-66.138
4.1625,WALKING,FR,194.331,-177.0,-208.52,185.074,-177.022,-207.251,42.355,44.333,-69.452,-69.004
4.1625,WALKING,FL,175.089,177.0,-220.0,177.254,176.983,-220.076,39.097,38.633,-56.172,-56.439
4.1625,WALKING,RR,-183.661,-177.0,-220.0,-181.375,-177.012,-219.827,39.233,38.778,-56.381,-56.711
4.1625,WALKING,RL,-164.419,177.0,-208.52,-173.676,176.984,-207.035,42.357,44.336,-69.454,-69.007
4.1833,WALKING,FR,202.903,-177.0,-213.112,194.544,-177.014,-207.033,39.427,41.764,-68.276,-69.092
4.1833,WALKING,FL,172.232,177.0,-220.0,174.572,176.99,-220.058,39.649,39.213,-55.888,-56.151
4.1833,WALKING,RR,-186.518,-177.0,-220.0,-184.048,-177.018,-219.792,39.802,39.328,-56.104,-56.463
4.1833,WALKING,RL,-155.847,177.0,-213.112,-164.216,176.977,-206.805,39.424,41.761,-68.273,-69.088
4.2042,WALKING,FR,209.375,-177.0,-220.0,202.55,-177.021,-209.501,35.636,38.048,-64.645,-66.606
4.2042,WALKING,FL,169.375,177.0,-220.0,171.621,176.983,-220.05,40.191,39.729,-55.576,-55.865
4.2042,WALKING,RR,-189.375,-177.0,-220.0,-186.906,-177.009,-219.757,40.349,39.889,-55.794,-56.163
4.2042,WALKING,RL,-149.375,177.0,-220.0,-156.189,176.987,-209.336,35.632,38.041,-64.639,-66.597
4.2208,WALKING,FR,209.375,-177.0,-220.0,207.42,-177.013,-213.359,33.513,34.262,-61.402,-62.731
4.2208,WALKING,FL,166.518,177.0,-220.0,169.213,176.99,-219.967,40.746,40.254,-55.264,-55.592
4.2208,WALKING,RR,-192.232,-177.0,-220.0,-189.423,-177.009,-219.695,40.886,40.406,-55.47,-55.879
4.2208,WALKING,RL,-149.375,177.0,-220.0,-151.325,176.988,-213.073,33.508,34.254,-61.394,-62.719
4.2417,WALKING,FR,206.518,-177.0,-220.0,208.698,-177.353,-216.678,32.491,32.204,-58.667,-59.368
4.2417,WALKING,FL,163.661,177.0,-220.0,166.15,176.678,-219.94,41.243,40.815,-54.863,-55.178
4.2417,WALKING,RR,-195.089,-177.0,-220.0,-192.834,-177.017,-219.636,41.357,40.958,-55.043,-55.406
4.2417,WALKING,RL,-152.232,177.0,-220.0,-149.529,176.95,-217.785,32.521,32.218,-58.715,-59.445
4.2625,WALKING,FR,203.661,-177.0,-220.0,205.949,-176.962,-218.604,32.546,32.12,-57.592,-57.91
4.2625,WALKING,FL,160.804,177.0,-220.0,163.328,177.036,-219.887,41.72,41.276,-54.448,-54.795
4.2625,WALKING,RR,-197.946,-177.0,-220.0,-195.345,-176.964,-219.788,41.785,41.344,-54.551,-54.933
4.2625,WALKING,RL,-155.089,177.0,-220.0,-152.758,177.037,-219.818,32.592,32.179,-57.665,-58.003
4.2833,WALKING,FR,200.804,-177.0,-220.0,203.0,-176.931,-219.988,33.078,32.558,-57.261,-57.493
4.2833,WALKING,FL,157.946,177.0,-220.0,160.141,177.089,-219.584,42.169,41.756,-53.991,-54.341
4.2833,WALKING,RR,-200.804,-177.0,-220.0,-198.786,-176.744,-219.801,42.198,41.795,-54.037,-54.396
4.2833,WALKING,RL,-157.946,177.0,-220.0,-155.745,177.236,-219.736,33.075,32.571,-57.256,-57.476
4.3042,WALKING,FR,197.946,-177.0,-220.0,200.292,-177.0,-220.171,33.756,33.224,-57.157,-57.353
4.3042,WALKING,FL,155.089,177.0,-220.0,157.288,176.999,-219.726,42.582,42.174,-53.482,-53.845
4.3042,WALKING,RR,-203.661,-177.0,-220.0,-201.544,-177.005,-219.937,42.573,42.169,-53.467,-53.822
4.3042,WALKING,RL,-160.804,177.0,-220.0,-158.137,176.995,-220.044,33.803,33.235,-57.232,-57.479
4.3208,WALKING,FR,195.089,-177.0,-220.0,197.593,-176.994,-220.299,34.428,33.864,-57.042,-57.224
4.3208,WALKING,FL,152.232,177.0,-220.0,154.637,177.005,-219.745,42.991,42.578,-52.968,-53.362
4.3208,WALKING,RR,-206.518,-177.0,-220.0,-204.11,-177.001,-219.774,42.984,42.563,-52.957,-53.353
4.3208,WALKING,RL,-163.661,177.0,-220.0,-160.476,177.0,-219.962,34.559,33.916,-57.249,-57.562
4.3417,WALKING,FR,192.232,-177.0,-220.0,194.336,-176.997,-220.337,35.14,34.61,-56.99,-57.156
4.3417,WALKING,FL,149.375,177.0,-220.0,151.474,177.001,-219.515,43.355,42.979,-52.388,-52.779
4.3417,WALKING,RR,-209.375,-177.0,-220.0,-207.302,-177.007,-219.876,43.334,42.957,-52.355,-52.736
4.3417,WALKING,RL,-166.518,177.0,-220.0,-164.045,176.994,-219.979,35.307,34.778,-57.252,-57.519
4.3625,WALKING,FR,189.375,-177.0,-220.0,191.726,-177.0,-220.27,35.868,35.33,-56.959,-57.158
4.3625,WALKING,FL,149.375,177.0,-220.0,148.713,176.999,-219.524,43.212,43.316,-52.157,-52.173
4.3625,WALKING,RR,-209.375,-177.0,-220.0,-210.048,-177.006,-219.796,43.206,43.31,-52.147,-52.161
4.3625,WALKING,RL,-169.375,177.0,-220.0,-166.697,176.995,-219.938,36.018,35.47,-57.196,-57.493
4.3833,WALKING,FR,186.518,-177.0,-220.0,188.639,-177.0,-220.255,36.551,36.028,-56.86,-57.065
4.3833,WALKING,FL,155.847,177.0,-213.112,148.924,177.0,-219.868,43.002,43.139,-54.218,-52.054
4.3833,WALKING,RR,-202.903,-177.0,-213.112,-209.845,-176.996,-219.824,42.999,43.134,-54.213,-52.049
4.3833,WALKING,RL,-172.232,177.0,-220.0,-169.692,177.004,-219.906,36.707,36.202,-57.126,-57.429
4.4042,WALKING,FR,183.661,-177.0,-220.0,185.877,-176.992,-220.199,37.237,36.729,-56.763,-56.989
4.4042,WALKING,FL,164.419,177.0,-208.52,155.556,177.008,-218.151,43.702,43.864,-58.871,-55.955
4.4042,WALKING,RR,-194.331,-177.0,-208.52,-203.2,-176.998,-218.103,43.701,43.864,-58.869,-55.953
4.4042,WALKING,RL,-175.089,177.0,-220.0,-172.632,177.003,-219.887,37.365,36.879,-56.995,-57.298
4.4208,WALKING,FR,180.804,-177.0,-220.0,183.322,-176.991,-220.161,37.876,37.335,-56.594,-56.858
4.4208,WALKING,FL,174.25,177.0,-206.224,163.313,177.01,-215.009,44.046,44.678,-63.634,-60.76
4.4208,WALKING,RR,-184.5,-177.0,-206.224,-195.445,-176.993,-214.82,44.044,44.677,-63.63,-60.755
4.4208,WALKING,RL,-177.946,177.0,-220.0,-175.023,177.006,-219.799,38.033,37.495,-56.868,-57.221
4.4417,WALKING,FR,177.946,-177.0,-220.0,179.806,-176.987,-220.145,38.495,38.049,-56.393,-56.614
4.4417,WALKING,FL,184.5,177.0,-206.224,175.065,177.015,-210.185,43.974,45.278,-67.891,-66.155
4.4417,WALKING,RR,-174.25,-177.0,-206.224,-183.682,-176.992,-210.069,43.97,45.273,-67.885,-66.147
4.4417,WALKING,RL,-180.804,177.0,-220.0,-178.709,177.006,-219.855,38.635,38.201,-56.635,-56.926
4.4625,WALKING,FR,175.089,-177.0,-220.0,177.32,-176.991,-220.071,39.098,38.62,-56.177,-56.455
4.4625,WALKING,FL,194.331,177.0,-208.52,185.064,177.011,-207.151,42.362,44.343,-69.462,-69.019
4.4625,WALKING,RR,-164.419,-177.0,-208.52,-173.687,-176.995,-207.087,42.359,44.34,-69.458,-69.013
4.4625,WALKING,RL,-183.661,177.0,-220.0,-181.236,177.003,-219.824,39.229,38.753,-56.375,-56.716
4.4833,WALKING,FR,172.232,-177.0,-220.0,174.471,-176.994,-220.053,39.657,39.209,-55.902,-56.176
4.4833,WALKING,FL,202.903,177.0,-213.112,194.558,177.008,-206.925,39.43,41.768,-68.28,-69.099
4.4833,WALKING,RR,-155.847,-177.0,-213.112,-164.195,-176.996,-206.872,39.427,41.766,-68.277,-69.094
4.4833,WALKING,RL,-186.518,177.0,-220.0,-184.078,177.002,-219.793,39.799,39.327,-56.099,-56.454
4.5042,WALKING,FR,169.375,-177.0,-220.0,171.605,-176.999,-220.022,40.193,39.785,-55.579,-55.834
4.5042,WALKING,FL,209.375,177.0,-220.0,202.552,177.002,-209.41,35.638,38.05,-64.649,-66.612
4.5042,WALKING,RR,-149.375,-177.0,-220.0,-156.203,-176.998,-209.4,35.635,38.045,-64.643,-66.603
4.5042,WALKING,RL,-189.375,177.0,-220.0,-186.9,177.002,-219.772,40.34,39.875,-55.78,-56.148
4.5208,WALKING,FR,166.518,-177.0,-220.0,169.101,-176.998,-219.993,40.722,40.252,-55.237,-55.543
4.5208,WALKING,FL,209.375,177.0,-220.0,207.504,177.003,-213.213,33.515,34.264,-61.405,-62.735
4.5208,WALKING,RR,-149.375,-177.0,-220.0,-151.249,-176.998,-213.187,33.511,34.259,-61.399,-62.726
4.5208,WALKING,RL,-192.232,177.0,-220.0,-189.358,177.001,-219.755,40.866,40.368,-55.437,-55.845
4.5417,WALKING,FR,163.661,-177.0,-220.0,166.028,-176.82,-219.963,41.23,40.804,-54.841,-55.146
4.5417,WALKING,FL,206.518,177.0,-220.0,208.681,177.203,-217.045,32.491,32.205,-58.667,-59.367
4.5417,WALKING,RR,-152.232,-177.0,-220.0,-149.855,-177.009,-217.86,32.496,32.198,-58.676,-59.387
4.5417,WALKING,RL,-195.089,177.0,-220.0,-192.612,176.967,-219.895,41.378,40.962,-55.075,-55.459
4.5625,WALKING,FR,160.804,-177.0,-220.0,163.241,-177.029,-219.937,41.692,41.257,-54.403,-54.73
4.5625,WALKING,FL,203.661,177.0,-220.0,205.881,176.97,-218.745,32.55,32.124,-57.598,-57.918
4.5625,WALKING,RR,-155.089,-177.0,-220.0,-152.699,-177.029,-219.668,32.603,32.18,-57.682,-58.033
4.5625,WALKING,RL,-197.946,177.0,-220.0,-195.554,176.972,-219.785,41.781,41.357,-54.545,-54.914
4.5833,WALKING,FR,157.946,-177.0,-220.0,160.105,-177.003,-219.832,42.151,41.732,-53.962,-54.305
4.5833,WALKING,FL,200.804,177.0,-220.0,203.139,177.001,-219.989,33.076,32.554,-57.258,-57.488
4.5833,WALKING,RR,-157.946,-177.0,-220.0,-155.801,-177.034,-220.005,33.08,32.584,-57.264,-57.482
4.5833,WALKING,RL,-200.804,177.0,-220.0,-198.599,176.962,-219.86,42.212,41.806,-54.06,-54.428
4.6042,WALKING,FR,155.089,-177.0,-220.0,157.305,-177.003,-219.757,42.579,42.17,-53.477,-53.838
4.6042,WALKING,FL,197.946,177.0,-220.0,200.32,176.996,-220.164,33.757,33.221,-57.159,-57.358
4.6042,WALKING,RR,-160.804,-177.0,-220.0,-158.133,-176.998,-220.051,33.8,33.233,-57.227,-57.471
4.6042,WALKING,RL,-203.661,177.0,-220.0,-201.423,177.002,-219.849,42.599,42.188,-53.508,-53.881
4.6208,WALKING,FR,152.232,-177.0,-220.0,154.628,-177.005,-219.734,42.994,42.582,-52.973,-53.369
4.6208,WALKING,FL,195.089,177.0,-220.0,197.54,176.994,-220.31,34.424,33.865,-57.036,-57.213
4.6208,WALKING,RR,-163.661,-177.0,-220.0,-160.465,-177.0,-219.959,34.559,33.913,-57.25,-57.564
4.6208,WALKING,RL,-206.518,177.0,-220.0,-204.025,177.001,-219.734,43.009,42.581,-52.997,-53.41
4.6417,WALKING,FR,149.375,-177.0,-220.0,151.474,-177.005,-219.499,43.358,42.982,-52.392,-52.783
4.6417,WALKING,FL,192.232,177.0,-220.0,194.354,176.994,-220.341,35.137,34.603,-56.984,-57.151
4.6417,WALKING,RR,-166.518,-177.0,-220.0,-164.039,-176.996,-219.982,35.305,34.773,-57.25,-57.517
4.6417,WALKING,RL,-209.375,177.0,-220.0,-207.309,177.006,-219.867,43.344,42.97,-52.369,-52.752
4.6625,WALKING,FR,149.375,-177.0,-220.0,148.738,-176.999,-219.495,43.217,43.322,-52.165,-52.183
4.6625,WALKING,FL,189.375,177.0,-220.0,191.743,177.0,-220.292,35.862,35.323,-56.951,-57.147
4.6625,WALKING,RR,-169.375,-177.0,-220.0,-166.769,-176.995,-219.967,36.006,35.466,-57.178,-57.462
4.6625,WALKING,RL,-209.375,177.0,-220.0,-210.01,177.006,-219.825,43.205,43.306,-52.145,-52.159
4.6833,WALKING,FR,155.847,-177.0,-213.112,149.085,-177.007,-219.875,43.003,43.123,-54.22,-52.069
4.6833,WALKING,FL,186.518,177.0,-220.0,188.764,176.993,-220.247,36.556,36.025,-56.868,-57.081
4.6833,WALKING,RR,-172.232,-177.0,-220.0,-169.701,-177.004,-219.907,36.701,36.195,-57.112,-57.412
4.6833,WALKING,RL,-202.903,177.0,-213.112,-209.79,176.997,-219.82,42.993,43.127,-54.204,-52.039
4.7042,WALKING,FR,164.419,-177.0,-208.52,155.577,-177.011,-218.15,43.705,43.871,-58.875,-55.958
4.7042,WALKING,FL,183.661,177.0,-220.0,185.962,176.989,-220.18,37.24,36.726,-56.769,-57.0
4.7042,WALKING,RR,-175.089,-177.0,-220.0,-172.574,-177.006,-219.908,37.358,36.864,-56.984,-57.289
4.7042,WALKING,RL,-194.331,177.0,-208.52,-203.16,176.995,-218.108,43.694,43.857,-58.859,-55.939
4.7208,WALKING,FR,174.25,-177.0,-206.224,163.332,-177.012,-215.025,44.048,44.679,-63.636,-60.764
4.7208,WALKING,FL,180.804,177.0,-220.0,183.378,176.989,-220.14,37.883,37.344,-56.605,-56.872
4.7208,WALKING,RR,-177.946,-177.0,-220.0,-174.99,-177.007,-219.823,38.022,37.479,-56.854,-57.207
4.7208,WALKING,RL,-184.5,177.0,-206.224,-195.422,176.991,-214.809,44.037,44.667,-63.62,-60.743
4.7417,WALKING,FR,184.5,-177.0,-206.224,175.011,-177.026,-210.227,43.973,45.278,-67.889,-66.152
4.7417,WALKING,FL,177.946,177.0,-220.0,179.976,176.978,-220.093,38.512,38.027,-56.42,-56.676
4.7417,WALKING,RR,-180.804,-177.0,-220.0,-178.529,-177.013,-219.802,38.655,38.18,-56.651,-56.98
4.7417,WALKING,RL,-174.25,177.0,-206.224,-183.733,176.984,-210.01,43.965,45.268,-67.878,-66.136
4.7625,WALKING,FR,194.331,-177.0,-208.52,185.02,-177.02,-207.205,42.361,44.341,-69.46,-69.016
4.7625,WALKING,FL,175.089,177.0,-220.0,177.323,176.984,-220.047,39.102,38.625,-56.19,-56.473
4.7625,WALKING,RR,-183.661,-177.0,-220.0,-181.341,-177.009,-219.802,39.236,38.777,-56.386,-56.721
4.7625,WALKING,RL,-164.419,177.0,-208.52,-173.724,176.987,-207.038,42.356,44.335,-69.454,-69.007
4.7833,WALKING,FR,202.903,-177.0,-213.112,194.589,-177.01,-206.947,39.429,41.767,-68.279,-69.097
4.7833,WALKING,FL,172.232,177.0,-220.0,174.499,176.992,-220.036,39.665,39.227,-55.918,-56.189
4.7833,WALKING,RR,-186.518,-177.0,-220.0,-184.129,-177.007,-219.843,39.778,39.311,-56.066,-56.407
4.7833,WALKING,RL,-155.847,177.0,-213.112,-164.165,176.991,-206.864,39.426,41.763,-68.274,-69.09
4.8042,WALKING,FR,209.375,-177.0,-220.0,202.571,-177.005,-209.44,35.637,38.048,-64.647,-66.609
4.8042,WALKING,FL,169.375,177.0,-220.0,171.63,176.996,-220.0,40.205,39.795,-55.598,-55.859
4.8042,WALKING,RR,-189.375,-177.0,-220.0,-186.842,-177.005,-219.797,40.332,39.86,-55.767,-56.134
4.8042,WALKING,RL,-149.375,177.0,-220.0,-156.182,176.994,-209.383,35.632,38.043,-64.64,-66.598
4.8208,WALKING,FR,209.375,-177.0,-220.0,207.462,-177.008,-213.281,33.513,34.261,-61.403,-62.732
4.8208,WALKING,FL,166.518,177.0,-220.0,169.031,176.994,-219.972,40.733,40.276,-55.251,-55.553
4.8208,WALKING,RR,-192.232,-177.0,-220.0,-189.353,-177.005,-219.722,40.876,40.38,-55.453,-55.866
4.8208,WALKING,RL,-149.375,177.0,-220.0,-151.29,176.994,-213.134,33.508,34.255,-61.394,-62.72
4.8417,WALKING,FR,206.518,-177.0,-220.0,208.65,-177.341,-216.741,32.49,32.204,-58.666,-59.366
4.8417,WALKING,FL,163.661,177.0,-220.0,166.209,176.697,-219.845,41.24,40.8,-54.856,-55.176
4.8417,WALKING,RR,-195.089,-177.0,-220.0,-192.618,-176.946,-219.754,41.386,40.966,-55.089,-55.479
4.8417,WALKING,RL,-152.232,177.0,-220.0,-149.545,177.014,-217.807,32.523,32.189,-58.718,-59.47
4.8625,WALKING,FR,203.661,-177.0,-220.0,205.758,-176.994,-218.728,32.548,32.122,-57.594,-57.913
4.8625,WALKING,FL,160.804,177.0,-220.0,163.104,177.007,-219.908,41.712,41.282,-54.434,-54.768
4.8625,WALKING,RR,-197.946,-177.0,-220.0,-195.598,-176.97,-219.716,41.811,41.395,-54.592,-54.973
4.8625,WALKING,RL,-155.089,177.0,-220.0,-152.893,177.028,-219.694,32.604,32.196,-57.684,-58.027
4.8833,WALKING,FR,200.804,-177.0,-220.0,202.818,-176.99,-220.048,33.064,32.553,-57.238,-57.455
4.8833,WALKING,FL,157.946,177.0,-220.0,159.889,177.016,-219.87,42.157,41.74,-53.972,-54.318
4.8833,WALKING,RR,-200.804,-177.0,-220.0,-198.702,-176.929,-219.687,42.256,41.848,-54.13,-54.524
4.8833,WALKING,RL,-157.946,177.0,-220.0,-156.002,177.064,-219.989,33.08,32.58,-57.263,-57.482
4.9042,WALKING,FR,197.946,-177.0,-220.0,200.256,-176.999,-220.194,33.751,33.216,-57.15,-57.345
4.9042,WALKING,FL,155.089,177.0,-220.0,157.229,177.0,-219.73,42.578,42.168,-53.475,-53.837
4.9042,WALKING,RR,-203.661,-177.0,-220.0,-201.689,-177.004,-219.879,42.59,42.203,-53.494,-53.848
4.9042,WALKING,RL,-160.804,177.0,-220.0,-158.485,176.996,-220.134,33.77,33.232,-57.179,-57.386
4.9208,WALKING,FR,195.089,-177.0,-220.0,197.732,-177.003,-220.256,34.449,33.882,-57.075,-57.272
4.9208,WALKING,FL,152.232,177.0,-220.0,154.701,176.997,-219.714,42.991,42.577,-52.968,-53.363
4.9208,WALKING,RR,-206.518,-177.0,-220.0,-204.171,-177.003,-219.849,42.963,42.568,-52.924,-53.292
4.9208,WALKING,RL,-163.661,177.0,-220.0,-160.791,176.997,-220.148,34.497,33.898,-57.15,-57.396
4.9417,WALKING,FR,192.232,-177.0,-220.0,194.35,-176.995,-220.308,35.158,34.629,-57.017,-57.193
4.9417,WALKING,FL,149.375,177.0,-220.0,151.456,177.004,-219.577,43.353,42.976,-52.385,-52.775
4.9417,WALKING,RR,-209.375,-177.0,-220.0,-207.308,-177.005,-219.849,43.326,42.941,-52.34,-52.721
4.9417,WALKING,RL,-166.518,177.0,-220.0,-163.851,176.996,-220.021,35.282,34.723,-57.213,-57.484
4.9625,WALKING,FR,189.375,-177.0,-220.0,191.725,-176.997,-220.265,35.871,35.334,-56.964,-57.164
4.9625,WALKING,FL,149.375,177.0,-220.0,148.692,177.002,-219.57,43.213,43.318,-52.159,-52.176
4.9625,WALKING,RR,-209.375,-177.0,-220.0,-210.067,-177.003,-219.752,43.199,43.302,-52.136,-52.147
4.9625,WALKING,RL,-169.375,177.0,-220.0,-166.704,176.998,-219.949,36.013,35.465,-57.189,-57.483
4.9833,WALKING,FR,186.518,-177.0,-220.0,188.744,-176.999,-220.236,36.56,36.041,-56.874,-57.082
4.9833,WALKING,FL,155.847,177.0,-213.112,148.986,176.999,-219.682,43.003,43.138,-54.22,-52.059
4.9833,WALKING,RR,-202.903,-177.0,-213.112,-209.776,-177.009,-220.058,42.996,43.131,-54.208,-52.043
4.9833,WALKING,RL,-172.232,177.0,-220.0,-169.547,176.992,-219.886,36.712,36.206,-57.137,-57.444
5.0042,WALKING,FR,183.661,-177.0,-220.0,185.918,-177.0,-220.161,37.245,36.726,-56.776,-57.012
5.0042,WALKING,FL,164.419,177.0,-208.52,155.549,176.999,-217.996,43.704,43.867,-58.873,-55.958
5.0042,WALKING,RR,-194.331,-177.0,-208.52,-203.206,-177.007,-218.274,43.699,43.861,-58.865,-55.948
5.0042,WALKING,RL,-175.089,177.0,-220.0,-172.57,176.994,-219.833,37.391,36.899,-57.038,-57.353
5.0208,WALKING,FR,180.804,-177.0,-220.0,183.332,-176.999,-220.126,37.885,37.344,-56.608,-56.876
5.0208,WALKING,FL,174.25,177.0,-206.224,163.291,177.0,-214.854,44.047,44.679,-63.635,-60.762
5.0208,WALKING,RR,-184.5,-177.0,-206.224,-195.471,-177.003,-214.975,44.044,44.677,-63.63,-60.755
5.0208,WALKING,RL,-177.946,177.0,-220.0,-175.067,176.997,-219.776,38.043,37.511,-56.88,-57.233
5.0417,WALKING,FR,177.946,-177.0,-220.0,180.084,-176.996,-220.096,38.51,38.012,-56.417,-56.681
5.0417,WALKING,FL,184.5,177.0,-206.224,175.032,177.002,-210.023,43.973,45.279,-67.89,-66.152
5.0417,WALKING,RR,-174.25,-177.0,-206.224,-183.715,-177.005,-210.215,43.973,45.279,-67.889,-66.152
5.0417,WALKING,RL,-180.804,177.0,-220.0,-178.557,176.997,-219.846,38.636,38.163,-56.635,-56.951
5.0625,WALKING,FR,175.089,-177.0,-220.0,177.334,-177.004,-220.088,39.095,38.649,-56.163,-56.406
5.0625,WALKING,FL,194.331,177.0,-208.52,184.989,176.993,-207.031,42.362,44.343,-69.463,-69.02
5.0625,WALKING,RR,-164.419,-177.0,-208.52,-173.776,-177.0,-207.232,42.361,44.342,-69.462,-69.018
5.0625,WALKING,RL,-183.661,177.0,-220.0,-181.257,177.004,-219.814,39.234,38.756,-56.383,-56.729
5.0833,WALKING,FR,172.232,-177.0,-220.0,174.356,-177.0,-220.102,39.64,39.172,-55.866,-56.143
5.0833,WALKING,FL,202.903,177.0,-213.112,194.541,176.995,-206.73,39.432,41.772,-68.284,-69.103
5.0833,WALKING,RR,-155.847,-177.0,-213.112,-164.203,-177.012,-207.035,39.43,41.768,-68.28,-69.099
5.0833,WALKING,RL,-186.518,177.0,-220.0,-184.131,176.993,-219.804,39.794,39.33,-56.091,-56.44
5.1042,WALKING,FR,169.375,-177.0,-220.0,171.664,-177.008,-220.048,40.183,39.761,-55.564,-55.826
5.1042,WALKING,FL,209.375,177.0,-220.0,202.525,176.987,-209.213,35.64,38.052,-64.651,-66.615
5.1042,WALKING,RR,-149.375,-177.0,-220.0,-156.229,-177.012,-209.561,35.638,38.049,-64.648,-66.61
5.1042,WALKING,RL,-189.375,177.0,-220.0,-186.975,176.993,-219.786,40.335,39.877,-55.772,-56.132
5.1208,WALKING,FR,166.518,-177.0,-220.0,169.094,-177.009,-220.01,40.715,40.244,-55.227,-55.532
5.1208,WALKING,FL,209.375,177.0,-220.0,207.488,176.988,-212.998,33.517,34.266,-61.408,-62.739
5.1208,WALKING,RR,-149.375,-177.0,-220.0,-151.264,-177.013,-213.356,33.514,34.263,-61.403,-62.733
5.1208,WALKING,RL,-192.232,177.0,-220.0,-189.404,176.99,-219.771,40.857,40.364,-55.424,-55.825
5.1417,WALKING,FR,163.661,-177.0,-220.0,165.313,-177.094,-219.946,41.227,40.796,-54.836,-55.143
5.1417,WALKING,FL,206.518,177.0,-220.0,208.11,176.918,-217.856,32.5,32.213,-58.682,-59.388
5.1417,WALKING,RR,-152.232,-177.0,-220.0,-150.586,-177.154,-216.992,32.486,32.201,-58.66,-59.357
5.1417,WALKING,RL,-195.089,177.0,-220.0,-193.173,176.834,-219.685,41.376,40.95,-55.073,-55.462
5.1625,WALKING,FR,160.804,-177.0,-220.0,162.69,-176.973,-219.911,41.708,41.304,-54.428,-54.743
5.1625,WALKING,FL,203.661,177.0,-220.0,205.537,177.028,-219.529,32.555,32.133,-57.606,-57.927
5.1625,WALKING,RR,-155.089,-177.0,-220.0,-153.196,-176.983,-219.208,32.547,32.121,-57.593,-57.911
5.1625,WALKING,RL,-197.946,177.0,-220.0,-195.882,177.016,-219.758,41.789,41.375,-54.556,-54.923
5.1833,WALKING,FR,157.946,-177.0,-220.0,160.335,-176.997,-219.851,42.17,41.743,-53.993,-54.352
5.1833,WALKING,FL,200.804,177.0,-220.0,202.952,177.003,-220.062,33.052,32.555,-57.22,-57.421
5.1833,WALKING,RR,-157.946,-177.0,-220.0,-155.452,-176.999,-219.977,33.077,32.522,-57.259,-57.512
5.1833,WALKING,RL,-200.804,177.0,-220.0,-198.344,177.0,-219.757,42.246,41.828,-54.114,-54.509
5.2042,WALKING,FR,155.089,-177.0,-220.0,157.229,-177.023,-219.759,42.586,42.183,-53.488,-53.849
5.2042,WALKING,FL,197.946,177.0,-220.0,200.312,176.974,-220.226,33.723,33.175,-57.105,-57.29
5.2042,WALKING,RR,-160.804,-177.0,-220.0,-157.906,-177.003,-219.953,33.836,33.245,-57.284,-57.565
5.2042,WALKING,RL,-203.661,177.0,-220.0,-201.509,177.0,-219.755,42.618,42.222,-53.538,-53.913
5.2208,WALKING,FR,152.232,-177.0,-220.0,154.64,-177.003,-219.694,42.999,42.585,-52.981,-53.38
5.2208,WALKING,FL,195.089,177.0,-220.0,197.478,176.996,-220.368,34.398,33.835,-56.994,-57.158
5.2208,WALKING,RR,-163.661,-177.0,-220.0,-160.658,-176.998,-219.879,34.606,34.006,-57.323,-57.637
5.2208,WALKING,RL,-206.518,177.0,-220.0,-204.036,177.003,-219.774,43.012,42.59,-53.003,-53.414
5.2417,WALKING,FR,149.375,-177.0,-220.0,151.462,-177.003,-219.493,43.36,42.986,-52.395,-52.788
5.2417,WALKING,FL,192.232,177.0,-220.0,194.376,176.995,-220.352,35.132,34.595,-56.976,-57.141
5.2417,WALKING,RR,-166.518,-177.0,-220.0,-164.029,-176.994,-219.944,35.325,34.802,-57.281,-57.554
5.2417,WALKING,RL,-209.375,177.0,-220.0,-207.296,177.007,-219.859,43.354,42.981,-52.386,-52.774
5.2625,WALKING,FR,149.375,-177.0,-220.0,148.736,-176.998,-219.486,43.218,43.323,-52.167,-52.186
5.2625,WALKING,FL,189.375,177.0,-220.0,191.731,177.001,-220.295,35.861,35.323,-56.949,-57.145
5.2625,WALKING,RR,-169.375,-177.0,-220.0,-166.796,-176.994,-219.954,36.014,35.48,-57.19,-57.475
5.2625,WALKING,RL,-209.375,177.0,-220.0,-210.015,177.007,-219.823,43.211,43.314,-52.154,-52.17
5.2833,WALKING,FR,155.847,-177.0,-213.112,149.214,-177.006,-219.901,42.994,43.097,-54.205,-52.059
5.2833,WALKING,FL,186.518,177.0,-220.0,188.779,176.993,-220.232,36.566,36.05,-56.884,-57.093
5.2833,WALKING,RR,-172.232,-177.0,-220.0,-169.722,-177.003,-219.961,36.686,36.161,-57.072,-57.36
5.2833,WALKING,RL,-202.903,177.0,-213.112,-209.747,176.997,-219.806,42.998,43.132,-54.211,-52.048
5.3042,WALKING,FR,164.419,-177.0,-208.52,155.593,-177.01,-218.169,43.698,43.865,-58.865,-55.944
5.3042,WALKING,FL,183.661,177.0,-220.0,185.966,176.99,-220.176,37.243,36.731,-56.773,-57.005
5.3042,WALKING,RR,-175.089,-177.0,-220.0,-172.48,-177.005,-219.927,37.349,36.838,-56.965,-57.276
5.3042,WALKING,RL,-194.331,177.0,-208.52,-203.132,176.995,-218.091,43.696,43.859,-58.862,-55.943
5.3208,WALKING,FR,174.25,-177.0,-206.224,163.34,-177.012,-215.049,44.044,44.674,-63.63,-60.756
5.3208,WALKING,FL,180.804,177.0,-220.0,183.403,176.99,-220.134,37.887,37.35,-56.612,-56.879
5.3208,WALKING,RR,-177.946,-177.0,-220.0,-174.955,-177.008,-219.829,38.018,37.469,-56.849,-57.205
5.3208,WALKING,RL,-184.5,177.0,-206.224,-195.413,176.99,-214.785,44.038,44.668,-63.621,-60.744
5.3417,WALKING,FR,184.5,-177.0,-206.224,175.019,-177.026,-210.254,43.971,45.275,-67.887,-66.149
5.3417,WALKING,FL,177.946,177.0,-220.0,179.965,176.979,-220.089,38.514,38.033,-56.423,-56.679
5.3417,WALKING,RR,-180.804,-177.0,-220.0,-178.52,-177.012,-219.799,38.657,38.184,-56.652,-56.982
5.3417,WALKING,RL,-174.25,177.0,-206.224,-183.726,176.984,-209.989,43.965,45.268,-67.878,-66.136
5.3625,WALKING,FR,194.331,-177.0,-208.52,185.059,-177.019,-207.225,42.359,44.339,-69.458,-69.014
5.3625,WALKING,FL,175.089,177.0,-220.0,177.207,176.985,-220.079,39.097,38.637,-56.171,-56.433
5.3625,WALKING,RR,-183.661,-177.0,-220.0,-181.383,-177.009,-219.836,39.228,38.773,-56.373,-56.701
5.3625,WALKING,RL,-164.419,177.0,-208.52,-173.689,176.987,-207.045,42.356,44.335,-69.454,-69.007
5.3833,WALKING,FR,202.903,-177.0,-213.112,194.573,-177.015,-206.984,39.428,41.767,-68.278,-69.096
5.3833,WALKING,FL,172.232,177.0,-220.0,174.459,176.988,-220.068,39.65,39.199,-55.887,-56.159
5.3833,WALKING,RR,-186.518,-177.0,-220.0,-184.068,-177.007,-219.805,39.795,39.322,-56.093,-56.447
5.3833,WALKING,RL,-155.847,177.0,-213.112,-164.176,176.989,-206.834,39.425,41.762,-68.273,-69.088
5.4042,WALKING,FR,209.375,-177.0,-220.0,202.555,-177.008,-209.479,35.637,38.047,-64.646,-66.608
5.4042,WALKING,FL,169.375,177.0,-220.0,171.623,176.994,-220.032,40.19,39.776,-55.575,-55.833
5.4042,WALKING,RR,-189.375,-177.0,-220.0,-186.885,-177.007,-219.773,40.341,39.874,-55.781,-56.15
5.4042,WALKING,RL,-149.375,177.0,-220.0,-156.197,176.991,-209.352,35.632,38.042,-64.639,-66.597
5.4208,WALKING,FR,209.375,-177.0,-220.0,207.457,-177.01,-213.314,33.513,34.261,-61.402,-62.731
5.4208,WALKING,FL,166.518,177.0,-220.0,169.021,176.993,-219.992,40.721,40.265,-55.236,-55.533
5.4208,WALKING,RR,-192.232,-177.0,-220.0,-189.361,-177.006,-219.714,40.879,40.385,-55.458,-55.871
5.4208,WALKING,RL,-149.375,177.0,-220.0,-151.294,176.991,-213.109,33.507,34.254,-61.393,-62.718
5.4417,WALKING,FR,206.518,-177.0,-220.0,208.753,-177.361,-216.514,32.491,32.204,-58.668,-59.369
5.4417,WALKING,FL,163.661,177.0,-220.0,166.36,176.678,-219.766,41.232,40.786,-54.845,-55.165
5.4417,WALKING,RR,-195.089,-177.0,-220.0,-192.808,-176.956,-219.738,41.343,40.942,-55.02,-55.375
5.4417,WALKING,RL,-152.232,177.0,-220.0,-149.267,177.003,-217.719,32.548,32.206,-58.757,-59.53
5.4625,WALKING,FR,203.661,-177.0,-220.0,205.764,-176.986,-218.699,32.546,32.121,-57.592,-57.91
5.4625,WALKING,FL,160.804,177.0,-220.0,163.097,177.014,-219.923,41.707,41.279,-54.427,-54.758
5.4625,WALKING,RR,-197.946,-177.0,-220.0,-195.124,-176.968,-219.679,41.84,41.37,-54.638,-55.069
5.4625,WALKING,RL,-155.089,177.0,-220.0,-153.024,177.031,-219.769,32.589,32.19,-57.659,-57.986
5.4833,WALKING,FR,200.804,-177.0,-220.0,202.803,-176.924,-220.038,33.067,32.548,-57.243,-57.467
5.4833,WALKING,FL,157.946,177.0,-220.0,159.974,177.092,-219.633,42.161,41.743,-53.979,-54.327
5.4833,WALKING,RR,-200.804,-177.0,-220.0,-198.943,-176.774,-219.688,42.249,41.866,-54.119,-54.494
5.4833,WALKING,RL,-157.946,177.0,-220.0,-155.892,177.21,-219.76,33.07,32.56,-57.248,-57.468
5.5042,WALKING,FR,197.946,-177.0,-220.0,200.25,-177.0,-220.12,33.788,33.264,-57.208,-57.418
5.5042,WALKING,FL,155.089,177.0,-220.0,156.946,177.0,-220.025,42.472,42.055,-53.305,-53.614
5.5042,WALKING,RR,-203.661,-177.0,-220.0,-201.754,-177.001,-219.887,42.545,42.14,-53.423,-53.763
5.5042,WALKING,RL,-160.804,177.0,-220.0,-158.429,176.999,-220.096,33.791,33.252,-57.212,-57.433
5.5208,WALKING,FR,195.089,-177.0,-220.0,197.503,-176.996,-220.278,34.448,33.895,-57.073,-57.261
5.5208,WALKING,FL,152.232,177.0,-220.0,154.675,177.003,-219.897,42.924,42.485,-52.861,-53.236
5.5208,WALKING,RR,-206.518,-177.0,-220.0,-204.111,-177.002,-219.866,42.956,42.538,-52.912,-53.291
5.5208,WALKING,RL,-163.661,177.0,-220.0,-160.744,176.999,-220.073,34.523,33.92,-57.192,-57.456
5.5417,WALKING,FR,192.232,-177.0,-220.0,194.234,-176.99,-220.342,35.144,34.622,-56.995,-57.158
5.5417,WALKING,FL,149.375,177.0,-220.0,151.396,177.008,-219.646,43.322,42.94,-52.335,-52.712
5.5417,WALKING,RR,-209.375,-177.0,-220.0,-207.246,-177.003,-219.786,43.355,42.97,-52.388,-52.784
5.5417,WALKING,RL,-166.518,177.0,-220.0,-164.024,176.998,-220.031,35.278,34.74,-57.207,-57.462
5.5625,WALKING,FR,189.375,-177.0,-220.0,191.746,-176.998,-220.279,35.864,35.325,-56.954,-57.152
5.5625,WALKING,FL,149.375,177.0,-220.0,148.73,177.001,-219.575,43.198,43.298,-52.134,-52.146
5.5625,WALKING,RR,-209.375,-177.0,-220.0,-210.039,-177.003,-219.746,43.219,43.327,-52.168,-52.185
5.5625,WALKING,RL,-169.375,177.0,-220.0,-166.828,176.997,-220.03,35.984,35.447,-57.143,-57.411
5.5833,WALKING,FR,186.518,-177.0,-220.0,188.72,-176.996,-220.248,36.556,36.039,-56.867,-57.07
5.5833,WALKING,FL,155.847,177.0,-213.112,148.956,177.003,-219.756,42.996,43.129,-54.208,-52.045
5.5833,WALKING,RR,-202.903,-177.0,-213.112,-209.761,-177.006,-219.965,43.001,43.128,-54.216,-52.058
5.5833,WALKING,RL,-172.232,177.0,-220.0,-169.473,176.995,-219.911,36.699,36.171,-57.106,-57.418
5.6042,WALKING,FR,183.661,-177.0,-220.0,185.897,-176.994,-220.17,37.241,36.721,-56.769,-57.005
5.6042,WALKING,FL,164.419,177.0,-208.52,155.537,177.005,-218.057,43.7,43.862,-58.867,-55.951
5.6042,WALKING,RR,-194.331,-177.0,-208.52,-203.219,-177.002,-218.2,43.7,43.863,-58.867,-55.95
5.6042,WALKING,RL,-175.089,177.0,-220.0,-172.614,176.999,-219.851,37.381,36.893,-57.021,-57.329
5.6208,WALKING,FR,180.804,-177.0,-220.0,183.301,-176.999,-220.151,37.874,37.365,-56.591,-56.834
5.6208,WALKING,FL,174.25,177.0,-206.224,163.336,177.001,-214.908,44.046,44.677,-63.633,-60.759
5.6208,WALKING,RR,-184.5,-177.0,-206.224,-195.427,-177.0,-214.955,44.044,44.677,-63.631,-60.756
5.6208,WALKING,RL,-177.946,177.0,-220.0,-175.145,177.0,-219.846,38.023,37.506,-56.853,-57.189
5.6417,WALKING,FR,177.946,-177.0,-220.0,179.939,-176.988,-220.115,38.503,38.019,-56.405,-56.656
5.6417,WALKING,FL,184.5,177.0,-206.224,175.031,177.011,-210.079,43.973,45.278,-67.89,-66.153
5.6417,WALKING,RR,-174.25,-177.0,-206.224,-183.717,-176.998,-210.149,43.972,45.277,-67.888,-66.15
5.6417,WALKING,RL,-180.804,177.0,-220.0,-178.524,177.002,-219.822,38.649,38.177,-56.647,-56.969
5.6625,WALKING,FR,175.089,-177.0,-220.0,177.304,-176.994,-220.047,39.101,38.632,-56.191,-56.47
5.6625,WALKING,FL,194.331,177.0,-208.52,185.019,177.005,-207.054,42.362,44.343,-69.463,-69.02
5.6625,WALKING,RR,-164.419,-177.0,-208.52,-173.733,-177.001,-207.167,42.361,44.342,-69.461,-69.017
5.6625,WALKING,RL,-183.661,177.0,-220.0,-181.312,177.0,-219.807,39.236,38.771,-56.385,-56.724
5.6833,WALKING,FR,172.232,-177.0,-220.0,174.425,-176.997,-220.048,39.66,39.213,-55.906,-56.179
5.6833,WALKING,FL,202.903,177.0,-213.112,194.539,177.0,-206.807,39.431,41.77,-68.282,-69.101
5.6833,WALKING,RR,-155.847,-177.0,-213.112,-164.213,-177.004,-206.971,39.429,41.768,-68.28,-69.098
5.6833,WALKING,RL,-186.518,177.0,-220.0,-184.144,176.998,-219.797,39.796,39.332,-56.094,-56.443
5.7042,WALKING,FR,169.375,-177.0,-220.0,171.805,-177.004,-220.016,40.205,39.759,-55.596,-55.878
5.7042,WALKING,FL,209.375,177.0,-220.0,202.544,176.992,-209.284,35.639,38.05,-64.649,-66.612
5.7042,WALKING,RR,-149.375,-177.0,-220.0,-156.217,-177.0,-209.514,35.637,38.048,-64.647,-66.609
5.7042,WALKING,RL,-189.375,177.0,-220.0,-186.902,177.004,-219.808,40.329,39.861,-55.763,-56.126
5.7208,WALKING,FR,166.518,-177.0,-220.0,169.033,-177.003,-219.986,40.732,40.273,-55.25,-55.553
5.7208,WALKING,FL,209.375,177.0,-220.0,207.435,176.996,-213.115,33.516,34.265,-61.407,-62.738
5.7208,WALKING,RR,-149.375,-177.0,-220.0,-151.317,-177.005,-213.27,33.513,34.261,-61.402,-62.73
5.7208,WALKING,RL,-192.232,177.0,-220.0,-189.401,176.996,-219.734,40.872,40.382,-55.448,-55.855
5.7417,WALKING,FR,163.661,-177.0,-220.0,165.582,-176.993,-219.967,41.231,40.815,-54.842,-55.142
5.7417,WALKING,FL,206.518,177.0,-220.0,208.514,177.008,-217.239,32.491,32.207,-58.668,-59.368
5.7417,WALKING,RR,-152.232,-177.0,-220.0,-150.221,-177.003,-217.531,32.485,32.198,-58.659,-59.356
5.7417,WALKING,RL,-195.089,177.0,-220.0,-192.822,176.996,-219.679,41.375,40.966,-55.072,-55.45
5.7625,WALKING,FR,160.804,-177.0,-220.0,163.005,-176.991,-219.886,41.727,41.28,-54.459,-54.813
5.7625,WALKING,FL,203.661,177.0,-220.0,205.536,177.013,-219.468,32.554,32.111,-57.605,-57.939
5.7625,WALKING,RR,-155.089,-177.0,-220.0,-153.264,-177.017,-219.254,32.544,32.118,-57.589,-57.906
5.7625,WALKING,RL,-197.946,177.0,-220.0,-195.655,176.98,-219.64,41.853,41.425,-54.658,-55.07
5.7833,WALKING,FR,157.946,-177.0,-220.0,160.186,-176.996,-219.732,42.176,41.763,-54.002,-54.355
5.7833,WALKING,FL,200.804,177.0,-220.0,203.211,177.004,-219.993,33.08,32.563,-57.264,-57.494
5.7833,WALKING,RR,-157.946,-177.0,-220.0,-155.541,-176.994,-219.996,33.08,32.553,-57.264,-57.501
5.7833,WALKING,RL,-200.804,177.0,-220.0,-198.592,177.006,-219.82,42.265,41.888,-54.145,-54.525
5.8042,WALKING,FR,155.089,-177.0,-220.0,157.194,-177.0,-219.904,42.538,42.118,-53.411,-53.757
5.8042,WALKING,FL,197.946,177.0,-220.0,200.354,177.0,-220.116,33.782,33.248,-57.197,-57.41
5.8042,WALKING,RR,-160.804,-177.0,-220.0,-157.903,-177.0,-219.959,33.837,33.25,-57.285,-57.565
5.8042,WALKING,RL,-203.661,177.0,-220.0,-201.473,177.0,-219.729,42.629,42.232,-53.556,-53.937
5.8208,WALKING,FR,152.232,-177.0,-220.0,154.652,-177.009,-219.817,42.967,42.545,-52.93,-53.318
5.8208,WALKING,FL,195.089,177.0,-220.0,197.503,176.99,-220.285,34.439,33.892,-57.06,-57.239
5.8208,WALKING,RR,-163.661,-177.0,-220.0,-160.54,-177.001,-219.907,34.591,33.967,-57.3,-57.621
5.8208,WALKING,RL,-206.518,177.0,-220.0,-204.028,177.001,-219.711,43.023,42.592,-53.019,-53.442
5.8417,WALKING,FR,149.375,-177.0,-220.0,151.433,-177.002,-219.525,43.344,42.966,-52.371,-52.757
5.8417,WALKING,FL,192.232,177.0,-220.0,194.284,176.996,-220.339,35.141,34.612,-56.99,-57.156
5.8417,WALKING,RR,-166.518,-177.0,-220.0,-164.208,-176.994,-219.937,35.335,34.843,-57.297,-57.558
5.8417,WALKING,RL,-209.375,177.0,-220.0,-207.338,177.008,-219.869,43.35,42.979,-52.38,-52.766
5.8625,WALKING,FR,149.375,-177.0,-220.0,148.717,-176.996,-219.487,43.212,43.315,-52.156,-52.172
5.8625,WALKING,FL,189.375,177.0,-220.0,191.767,177.003,-220.254,35.874,35.333,-56.969,-57.174
5.8625,WALKING,RR,-169.375,-177.0,-220.0,-166.819,-176.993,-219.951,36.016,35.485,-57.193,-57.477
5.8625,WALKING,RL,-209.375,177.0,-220.0,-210.033,177.007,-219.838,43.209,43.312,-52.152,-52.167
5.8833,WALKING,FR,155.847,-177.0,-213.112,149.025,-177.004,-219.878,43.001,43.129,-54.217,-52.06
5.8833,WALKING,FL,186.518,177.0,-220.0,188.693,176.996,-220.238,36.557,36.033,-56.869,-57.078
5.8833,WALKING,RR,-172.232,-177.0,-220.0,-169.709,-177.003,-219.939,36.697,36.174,-57.089,-57.382
5.8833,WALKING,RL,-202.903,177.0,-213.112,-209.803,176.997,-219.803,42.997,43.131,-54.21,-52.046
5.9042,WALKING,FR,164.419,-177.0,-208.52,155.549,-177.006,-218.175,43.703,43.867,-58.872,-55.956
5.9042,WALKING,FL,183.661,177.0,-220.0,186.036,176.995,-220.184,37.237,36.746,-56.763,-56.978
5.9042,WALKING,RR,-175.089,-177.0,-220.0,-172.567,-177.012,-219.921,37.351,36.848,-56.97,-57.277
5.9042,WALKING,RL,-194.331,177.0,-208.52,-203.202,176.988,-218.09,43.696,43.858,-58.862,-55.944
5.9208,WALKING,FR,174.25,-177.0,-206.224,163.33,-177.013,-215.027,44.047,44.679,-63.635,-60.762
5.9208,WALKING,FL,180.804,177.0,-220.0,183.17,176.989,-220.189,37.866,37.342,-56.578,-56.824
5.9208,WALKING,RR,-177.946,-177.0,-220.0,-174.985,-177.007,-219.821,38.022,37.478,-56.855,-57.208
5.9208,WALKING,RL,-184.5,177.0,-206.224,-195.419,176.991,-214.81,44.037,44.667,-63.62,-60.743
5.9417,WALKING,FR,184.5,-177.0,-206.224,175.007,-177.021,-210.229,43.973,45.279,-67.889,-66.152
5.9417,WALKING,FL,177.946,177.0,-220.0,179.987,176.983,-220.124,38.502,38.011,-56.403,-56.657
5.9417,WALKING,RR,-180.804,-177.0,-220.0,-178.529,-177.009,-219.792,38.66,38.187,-56.653,-56.99
5.9417,WALKING,RL,-174.25,177.0,-206.224,-183.734,176.987,-210.011,43.965,45.268,-67.877,-66.136
5.9625,WALKING,FR,194.331,-177.0,-208.52,185.047,-177.016,-207.201,42.361,44.341,-69.461,-69.017
5.9625,WALKING,FL,175.089,177.0,-220.0,177.181,176.988,-220.095,39.096,38.632,-56.165,-56.42
5.9625,WALKING,RR,-183.661,-177.0,-220.0,-181.391,-177.006,-219.829,39.231,38.778,-56.379,-56.707
5.9625,WALKING,RL,-164.419,177.0,-208.52,-173.699,176.99,-207.067,42.356,44.335,-69.453,-69.006
5.9833,WALKING,FR,202.903,-177.0,-213.112,194.567,-177.012,-206.957,39.429,41.767,-68.279,-69.097
5.9833,WALKING,FL,172.232,177.0,-220.0,174.434,176.99,-220.075,39.646,39.193,-55.881,-56.153
5.9833,WALKING,RR,-186.518,-177.0,-220.0,-184.088,-177.005,-219.804,39.795,39.326,-56.093,-56.446
5.9833,WALKING,RL,-155.847,177.0,-213.112,-164.181,176.993,-206.857,39.425,41.762,-68.273,-69.089
6.0042,WALKING,FR,209.375,-177.0,-220.0,202.552,-177.006,-209.448,35.637,38.048,-64.647,-66.609
6.0042,WALKING,FL,169.375,177.0,-220.0,171.631,176.996,-220.038,40.191,39.771,-55.576,-55.839
6.0042,WALKING,RR,-189.375,-177.0,-220.0,-186.902,-177.004,-219.775,40.34,39.874,-55.779,-56.146
6.0042,WALKING,RL,-149.375,177.0,-220.0,-156.2,176.994,-209.375,35.632,38.042,-64.639,-66.598
6.0208,WALKING,FR,209.375,-177.0,-220.0,207.452,-177.007,-213.282,33.514,34.262,-61.403,-62.733
6.0208,WALKING,FL,166.518,177.0,-220.0,169.038,176.995,-219.982,40.728,40.268,-55.242,-55.544
6.0208,WALKING,RR,-192.232,-177.0,-220.0,-189.374,-177.005,-219.719,40.876,40.384,-55.454,-55.865
6.0208,WALKING,RL,-149.375,177.0,-220.0,-151.298,176.994,-213.132,33.508,34.254,-61.394,-62.719
6.0417,WALKING,FR,206.518,-177.0,-220.0,208.71,-177.215,-216.746,32.491,32.205,-58.668,-59.368
6.0417,WALKING,FL,163.661,177.0,-220.0,166.161,176.807,-219.948,41.239,40.794,-54.856,-55.18
6.0417,WALKING,RR,-195.089,-177.0,-220.0,-192.855,-176.969,-219.732,41.341,40.939,-55.018,-55.372
6.0417,WALKING,RL,-152.232,177.0,-220.0,-149.468,177.008,-217.723,32.541,32.212,-58.746,-59.507
6.0625,WALKING,FR,203.661,-177.0,-220.0,205.786,-176.969,-218.74,32.548,32.122,-57.594,-57.913
6.0625,WALKING,FL,160.804,177.0,-220.0,163.059,177.029,-219.896,41.709,41.31,-54.429,-54.742
6.0625,WALKING,RR,-197.946,-177.0,-220.0,-195.489,-176.972,-219.756,41.793,41.361,-54.563,-54.943
6.0625,WALKING,RL,-155.089,177.0,-220.0,-152.882,177.029,-219.672,32.61,32.196,-57.692,-58.042
6.0833,WALKING,FR,200.804,-177.0,-220.0,202.853,-176.917,-220.025,33.069,32.549,-57.246,-57.471
6.0833,WALKING,FL,157.946,177.0,-220.0,159.97,177.097,-219.628,42.152,41.73,-53.965,-54.31
6.0833,WALKING,RR,-200.804,-177.0,-220.0,-198.836,-176.786,-219.745,42.225,41.825,-54.08,-54.452
6.0833,WALKING,RL,-157.946,177.0,-220.0,-155.917,177.2,-219.719,33.081,32.581,-57.266,-57.486
6.1042,WALKING,FR,197.946,-177.0,-220.0,200.295,-176.999,-220.104,33.791,33.261,-57.213,-57.429
6.1042,WALKING,FL,155.089,177.0,-220.0,157.031,177.001,-219.994,42.488,42.07,-53.331,-53.65
6.1042,WALKING,RR,-203.661,-177.0,-220.0,-201.741,-177.0,-219.922,42.534,42.13,-53.405,-53.739
6.1042,WALKING,RL,-160.804,177.0,-220.0,-158.376,177.0,-220.076,33.798,33.252,-57.224,-57.454
6.1208,WALKING,FR,195.089,-177.0,-220.0,197.512,-176.995,-220.27,34.449,33.894,-57.075,-57.265
6.1208,WALKING,FL,152.232,177.0,-220.0,154.653,177.004,-219.874,42.934,42.502,-52.878,-53.254
6.1208,WALKING,RR,-206.518,-177.0,-220.0,-204.112,-177.002,-219.878,42.952,42.528,-52.907,-53.288
6.1208,WALKING,RL,-163.661,177.0,-220.0,-160.698,176.999,-220.054,34.53,33.921,-57.204,-57.477
6.1417,WALKING,FR,192.232,-177.0,-220.0,194.191,-176.988,-220.34,35.145,34.629,-56.996,-57.157
6.1417,WALKING,FL,149.375,177.0,-220.0,151.391,177.01,-219.632,43.328,42.946,-52.344,-52.725
6.1417,WALKING,RR,-209.375,-177.0,-220.0,-207.179,-177.003,-219.791,43.357,42.962,-52.39,-52.794
6.1417,WALKING,RL,-166.518,177.0,-220.0,-164.033,176.999,-220.005,35.292,34.757,-57.228,-57.489
6.1625,WALKING,FR,189.375,-177.0,-220.0,191.729,-176.998,-220.283,35.862,35.324,-56.95,-57.145
6.1625,WALKING,FL,149.375,177.0,-220.0,148.732,177.002,-219.557,43.203,43.304,-52.142,-52.155
6.1625,WALKING,RR,-209.375,-177.0,-220.0,-210.047,-177.003,-219.754,43.218,43.328,-52.166,-52.182
6.1625,WALKING,RL,-169.375,177.0,-220.0,-166.82,176.998,-220.01,35.993,35.457,-57.157,-57.43
6.1833,WALKING,FR,186.518,-177.0,-220.0,188.711,-176.995,-220.249,36.555,36.04,-56.865,-57.067
6.1833,WALKING,FL,155.847,177.0,-213.112,148.955,177.004,-219.75,42.999,43.133,-54.213,-52.051
6.1833,WALKING,RR,-202.903,-177.0,-213.112,-209.751,-177.006,-219.967,43.0,43.125,-54.215,-52.058
6.1833,WALKING,RL,-172.232,177.0,-220.0,-169.495,176.995,-219.892,36.705,36.187,-57.123,-57.435
6.2042,WALKING,FR,183.661,-177.0,-220.0,185.898,-176.993,-220.172,37.239,36.719,-56.767,-57.002
6.2042,WALKING,FL,164.419,177.0,-208.52,155.537,177.006,-218.053,43.702,43.865,-58.87,-55.954
6.2042,WALKING,RR,-194.331,-177.0,-208.52,-203.219,-177.002,-218.204,43.699,43.863,-58.866,-55.948
6.2042,WALKING,RL,-175.089,177.0,-220.0,-172.602,176.999,-219.836,37.388,36.9,-57.033,-57.344
6.2208,WALKING,FR,180.804,-177.0,-220.0,183.4,-177.067,-219.898,37.887,37.334,-56.612,-56.889
6.2208,WALKING,FL,174.25,177.0,-206.224,163.373,176.939,-214.807,44.045,44.677,-63.632,-60.758
6.2208,WALKING,RR,-184.5,-177.0,-206.224,-195.465,-176.988,-214.813,44.045,44.68,-63.633,-60.757
6.2208,WALKING,RL,-177.946,177.0,-220.0,-175.101,177.006,-219.848,38.016,37.486,-56.844,-57.187
6.2417,WALKING,FR,177.946,-177.0,-220.0,180.121,-176.987,-220.062,38.532,38.036,-56.452,-56.727
6.2417,WALKING,FL,184.5,177.0,-206.224,174.921,177.014,-210.171,43.967,45.27,-67.88,-66.14
6.2417,WALKING,RR,-174.25,-177.0,-206.224,-183.83,-176.993,-210.103,43.975,45.281,-67.893,-66.157
6.2417,WALKING,RL,-180.804,177.0,-220.0,-178.561,177.006,-219.79,38.666,38.207,-56.662,-56.993
6.2625,WALKING,FR,175.089,-177.0,-220.0,177.241,-176.99,-220.056,39.101,38.629,-56.192,-56.473
6.2625,WALKING,FL,194.331,177.0,-208.52,184.974,177.01,-207.091,42.359,44.339,-69.458,-69.012
6.2625,WALKING,RR,-164.419,-177.0,-208.52,-173.772,-176.998,-207.147,42.362,44.344,-69.463,-69.02
6.2625,WALKING,RL,-183.661,177.0,-220.0,-181.378,177.003,-219.799,39.238,38.769,-56.39,-56.732
6.2833,WALKING,FR,172.232,-177.0,-220.0,174.384,-176.995,-220.055,39.657,39.212,-55.901,-56.172
6.2833,WALKING,FL,202.903,177.0,-213.112,194.516,177.003,-206.825,39.43,41.768,-68.28,-69.099
6.2833,WALKING,RR,-155.847,-177.0,-213.112,-164.234,-177.002,-206.959,39.429,41.768,-68.28,-69.098
6.2833,WALKING,RL,-186.518,177.0,-220.0,-184.179,177.0,-219.795,39.797,39.338,-56.096,-56.442
6.3042,WALKING,FR,169.375,-177.0,-220.0,171.712,-177.005,-220.019,40.196,39.768,-55.585,-55.854
6.3042,WALKING,FL,209.375,177.0,-220.0,202.572,176.991,-209.268,35.639,38.05,-64.649,-66.612
6.3042,WALKING,RR,-149.375,-177.0,-220.0,-156.183,-177.006,-209.52,35.637,38.049,-64.647,-66.608
6.3042,WALKING,RL,-189.375,177.0,-220.0,-186.935,176.997,-219.825,40.32,39.855,-55.748,-56.104
6.3208,WALKING,FR,166.518,-177.0,-220.0,169.065,-177.003,-219.981,40.73,40.264,-55.246,-55.552
6.3208,WALKING,FL,209.375,177.0,-220.0,207.454,176.996,-213.101,33.516,34.264,-61.406,-62.737
6.3208,WALKING,RR,-149.375,-177.0,-220.0,-151.301,-177.005,-213.265,33.513,34.262,-61.402,-62.73
6.3208,WALKING,RL,-192.232,177.0,-220.0,-189.357,176.996,-219.75,40.865,40.365,-55.436,-55.844
6.3417,WALKING,FR,163.661,-177.0,-220.0,165.602,-176.991,-219.949,41.235,40.818,-54.849,-55.152
6.3417,WALKING,FL,206.518,177.0,-220.0,208.515,177.01,-217.239,32.491,32.206,-58.668,-59.367
6.3417,WALKING,RR,-152.232,-177.0,-220.0,-150.222,-177.002,-217.52,32.485,32.198,-58.659,-59.356
6.3417,WALKING,RL,-195.089,177.0,-220.0,-192.782,176.997,-219.682,41.375,40.959,-55.071,-55.452
6.3625,WALKING,FR,160.804,-177.0,-220.0,162.852,-177.033,-219.9,41.723,41.298,-54.452,-54.79
6.3625,WALKING,FL,203.661,177.0,-220.0,205.442,176.97,-219.482,32.551,32.115,-57.599,-57.926
6.3625,WALKING,RR,-155.089,-177.0,-220.0,-153.287,-177.052,-219.283,32.544,32.118,-57.588,-57.905
6.3625,WALKING,RL,-197.946,177.0,-220.0,-195.604,176.945,-219.629,41.858,41.426,-54.666,-55.083
6.3833,WALKING,FR,157.946,-177.0,-220.0,159.953,-176.992,-219.881,42.152,41.76,-53.964,-54.29
6.3833,WALKING,FL,200.804,177.0,-220.0,203.072,177.008,-220.033,33.054,32.516,-57.223,-57.452
6.3833,WALKING,RR,-157.946,-177.0,-220.0,-155.685,-176.993,-220.028,33.063,32.531,-57.238,-57.468
6.3833,WALKING,RL,-200.804,177.0,-220.0,-198.528,177.007,-219.665,42.279,41.877,-54.166,-54.569
6.4042,WALKING,FR,155.089,-177.0,-220.0,157.244,-177.005,-219.821,42.575,42.163,-53.47,-53.831
6.4042,WALKING,FL,197.946,177.0,-220.0,200.322,176.994,-220.193,33.74,33.191,-57.132,-57.329
6.4042,WALKING,RR,-160.804,-177.0,-220.0,-158.205,-177.001,-220.079,33.792,33.23,-57.213,-57.449
6.4042,WALKING,RL,-203.661,177.0,-220.0,-201.526,177.0,-219.696,42.638,42.248,-53.571,-53.952
6.4208,WALKING,FR,152.232,-177.0,-220.0,154.64,-177.003,-219.742,42.991,42.578,-52.969,-53.364
6.4208,WALKING,FL,195.089,177.0,-220.0,197.584,176.997,-220.309,34.425,33.869,-57.037,-57.212
6.4208,WALKING,RR,-163.661,-177.0,-220.0,-160.633,-177.0,-220.02,34.542,33.923,-57.222,-57.508
6.4208,WALKING,RL,-206.518,177.0,-220.0,-204.022,177.001,-219.707,43.029,42.597,-53.029,-53.456
6.4417,WALKING,FR,149.375,-177.0,-220.0,151.455,-177.0,-219.479,43.357,42.981,-52.39,-52.782
6.4417,WALKING,FL,192.232,177.0,-220.0,194.272,176.999,-220.358,35.131,34.602,-56.975,-57.135
6.4417,WALKING,RR,-166.518,-177.0,-220.0,-164.166,-176.992,-219.995,35.306,34.802,-57.251,-57.502
6.4417,WALKING,RL,-209.375,177.0,-220.0,-207.308,177.009,-219.873,43.357,42.986,-52.391,-52.78
6.4625,WALKING,FR,149.375,-177.0,-220.0,148.719,-176.995,-219.463,43.217,43.322,-52.165,-52.183
6.4625,WALKING,FL,189.375,177.0,-220.0,191.76,177.004,-220.268,35.867,35.325,-56.958,-57.16
6.4625,WALKING,RR,-169.375,-177.0,-220.0,-166.782,-176.992,-219.968,36.006,35.467,-57.178,-57.461
6.4625,WALKING,RL,-209.375,177.0,-220.0,-210.034,177.009,-219.841,43.212,43.316,-52.157,-52.173
6.4833,WALKING,FR,155.847,-177.0,-213.112,149.0,-177.002,-219.867,43.005,43.137,-54.223,-52.065
6.4833,WALKING,FL,186.518,177.0,-220.0,188.674,176.998,-220.247,36.553,36.031,-56.862,-57.068
6.4833,WALKING,RR,-172.232,-177.0,-220.0,-169.742,-177.001,-219.938,36.695,36.169,-57.086,-57.379
6.4833,WALKING,RL,-202.903,177.0,-213.112,-209.808,176.999,-219.786,42.999,43.134,-54.213,-52.05
6.5042,WALKING,FR,164.419,-177.0,-208.52,155.551,-177.006,-218.176,43.705,43.869,-58.875,-55.96
6.5042,WALKING,FL,183.661,177.0,-220.0,186.028,176.995,-220.192,37.233,36.743,-56.757,-56.97
6.5042,WALKING,RR,-175.089,-177.0,-220.0,-172.536,-177.01,-219.914,37.354,36.851,-56.976,-57.285
6.5042,WALKING,RL,-194.331,177.0,-208.52,-203.202,176.989,-218.086,43.697,43.859,-58.863,-55.945
6.5208,WALKING,FR,174.25,-177.0,-206.224,163.333,-177.012,-215.027,44.048,44.68,-63.637,-60.764
6.5208,WALKING,FL,180.804,177.0,-220.0,183.169,176.989,-220.194,37.864,37.34,-56.575,-56.82
6.5208,WALKING,RR,-177.946,-177.0,-220.0,-175.001,-177.007,-219.82,38.023,37.482,-56.856,-57.208
6.5208,WALKING,RL,-184.5,177.0,-206.224,-195.418,176.991,-214.807,44.038,44.667,-63.621,-60.744
6.5417,WALKING,FR,184.5,-177.0,-206.224,175.008,-177.019,-210.232,43.973,45.279,-67.89,-66.153
6.5417,WALKING,FL,177.946,177.0,-220.0,179.988,176.985,-220.126,38.5,38.01,-56.401,-56.654
6.5417,WALKING,RR,-180.804,-177.0,-220.0,-178.529,-177.008,-219.792,38.66,38.187,-56.653,-56.99
6.5417,WALKING,RL,-174.25,177.0,-206.224,-183.734,176.988,-210.007,43.965,45.268,-67.878,-66.136
6.5625,WALKING,FR,194.331,-177.0,-208.52,185.047,-177.015,-207.205,42.361,44.341,-69.461,-69.017
6.5625,WALKING,FL,175.089,177.0,-220.0,177.177,176.989,-220.096,39.095,38.632,-56.164,-56.418
6.5625,WALKING,RR,-183.661,-177.0,-220.0,-181.391,-177.006,-219.828,39.232,38.778,-56.379,-56.708
6.5625,WALKING,RL,-164.419,177.0,-208.52,-173.7,176.991,-207.063,42.356,44.335,-69.453,-69.006
6.5833,WALKING,FR,202.903,-177.0,-213.112,194.567,-177.012,-206.961,39.429,41.767,-68.279,-69.097
6.5833,WALKING,FL,172.232,177.0,-220.0,174.43,176.991,-220.076,39.645,39.192,-55.88,-56.152
6.5833,WALKING,RR,-186.518,-177.0,-220.0,-184.089,-177.004,-219.804,39.796,39.327,-56.094,-56.447
6.5833,WALKING,RL,-155.847,177.0,-213.112,-164.181,176.993,-206.853,39.425,41.762,-68.273,-69.088
6.6042,WALKING,FR,209.375,-177.0,-220.0,202.55,-177.006,-209.454,35.637,38.048,-64.646,-66.608
6.6042,WALKING,FL,169.375,177.0,-220.0,171.63,176.996,-220.039,40.185,39.77,-55.567,-55.825
6.6042,WALKING,RR,-189.375,-177.0,-220.0,-186.906,-177.004,-219.774,40.34,39.875,-55.779,-56.146
6.6042,WALKING,RL,-149.375,177.0,-220.0,-156.202,176.995,-209.371,35.632,38.042,-64.64,-66.598
6.6208,WALKING,FR,209.375,-177.0,-220.0,207.456,-177.008,-213.286,33.514,34.262,-61.403,-62.732
6.6208,WALKING,FL,166.518,177.0,-220.0,169.01,176.994,-220.003,40.718,40.26,-55.231,-55.528
6.6208,WALKING,RR,-192.232,-177.0,-220.0,-189.369,-177.005,-219.719,40.877,40.384,-55.455,-55.866
6.6208,WALKING,RL,-149.375,177.0,-220.0,-151.295,176.993,-213.132,33.507,34.254,-61.393,-62.719
6.6417,WALKING,FR,206.518,-177.0,-220.0,208.658,-177.302,-216.667,32.491,32.205,-58.668,-59.369
6.6417,WALKING,FL,163.661,177.0,-220.0,166.175,176.726,-219.962,41.233,40.786,-54.846,-55.167
6.6417,WALKING,RR,-195.089,-177.0,-220.0,-192.913,-176.999,-219.625,41.34,40.939,-55.016,-55.37
6.6417,WALKING,RL,-152.232,177.0,-220.0,-149.467,176.972,-217.703,32.54,32.21,-58.746,-59.507
6.6625,WALKING,FR,203.661,-177.0,-220.0,205.721,-176.982,-218.745,32.546,32.121,-57.593,-57.911
6.6625,WALKING,FL,160.804,177.0,-220.0,163.048,177.018,-219.924,41.702,41.271,-54.419,-54.748
6.6625,WALKING,RR,-197.946,-177.0,-220.0,-195.303,-176.97,-219.671,41.838,41.4,-54.635,-55.044
6.6625,WALKING,RL,-155.089,177.0,-220.0,-152.993,177.029,-219.68,32.604,32.199,-57.683,-58.025
6.6833,WALKING,FR,200.804,-177.0,-220.0,202.777,-176.923,-220.042,33.067,32.548,-57.243,-57.466
6.6833,WALKING,FL,157.946,177.0,-220.0,159.934,177.091,-219.611,42.158,41.739,-53.973,-54.32
6.6833,WALKING,RR,-200.804,-177.0,-220.0,-198.955,-176.789,-219.7,42.243,41.854,-54.11,-54.485
6.6833,WALKING,RL,-157.946,177.0,-220.0,-155.962,177.197,-219.715,33.078,32.574,-57.26,-57.481
6.7042,WALKING,FR,197.946,-177.0,-220.0,200.266,-176.998,-220.111,33.793,33.266,-57.215,-57.43
6.7042,WALKING,FL,155.089,177.0,-220.0,157.052,177.002,-219.951,42.511,42.097,-53.368,-53.696
6.7042,WALKING,RR,-203.661,-177.0,-220.0,-201.767,-176.999,-219.919,42.537,42.134,-53.409,-53.743
6.7042,WALKING,RL,-160.804,177.0,-220.0,-158.442,177.001,-220.088,33.793,33.255,-57.216,-57.439
6.7208,WALKING,FR,195.089,-177.0,-220.0,197.553,-176.994,-220.258,34.456,33.899,-57.086,-57.282
6.7208,WALKING,FL,152.232,177.0,-220.0,154.647,177.005,-219.857,42.951,42.524,-52.905,-53.286
6.7208,WALKING,RR,-206.518,-177.0,-220.0,-203.992,-177.001,-219.813,42.982,42.547,-52.954,-53.357
6.7208,WALKING,RL,-163.661,177.0,-220.0,-160.73,177.0,-220.078,34.519,33.913,-57.185,-57.45
6.7417,WALKING,FR,192.232,-177.0,-220.0,194.22,-176.988,-220.338,35.147,34.63,-57.0,-57.162
6.7417,WALKING,FL,149.375,177.0,-220.0,151.415,177.01,-219.599,43.337,42.957,-52.359,-52.742
6.7417,WALKING,RR,-209.375,-177.0,-220.0,-207.182,-177.003,-219.748,43.384,43.003,-52.434,-52.844
6.7417,WALKING,RL,-166.518,177.0,-220.0,-164.07,176.999,-220.013,35.289,34.761,-57.223,-57.478
6.7625,WALKING,FR,189.375,-177.0,-220.0,191.832,-177.001,-220.269,35.868,35.323,-56.96,-57.164
6.7625,WALKING,FL,149.375,177.0,-220.0,148.763,176.999,-219.536,43.207,43.31,-52.149,-52.164
6.7625,WALKING,RR,-209.375,-177.0,-220.0,-210.016,-177.003,-219.744,43.234,43.347,-52.192,-52.214
6.7625,WALKING,RL,-169.375,177.0,-220.0,-166.851,176.997,-220.045,35.978,35.445,-57.134,-57.397
6.7833,WALKING,FR,186.518,-177.0,-220.0,188.791,-176.992,-220.237,36.558,36.028,-56.87,-57.083
6.7833,WALKING,FL,155.847,177.0,-213.112,148.963,177.006,-219.761,43.001,43.136,-54.216,-52.054
6.7833,WALKING,RR,-202.903,-177.0,-213.112,-209.778,-177.005,-219.922,43.012,43.149,-54.233,-52.075
6.7833,WALKING,RL,-172.232,177.0,-220.0,-169.457,176.996,-219.914,36.699,36.167,-57.103,-57.417
6.8042,WALKING,FR,183.661,-177.0,-220.0,185.9,-176.99,-220.162,37.244,36.727,-56.775,-57.011
6.8042,WALKING,FL,164.419,177.0,-208.52,155.537,177.009,-218.071,43.702,43.865,-58.871,-55.955
6.8042,WALKING,RR,-194.331,-177.0,-208.52,-203.216,-176.999,-218.163,43.706,43.87,-58.877,-55.963
6.8042,WALKING,RL,-175.089,177.0,-220.0,-172.615,177.002,-219.856,37.378,36.891,-57.017,-57.324
6.8208,WALKING,FR,180.804,-177.0,-220.0,183.29,-176.998,-220.147,37.877,37.37,-56.595,-56.837
6.8208,WALKING,FL,174.25,177.0,-206.224,163.335,177.003,-214.927,44.047,44.679,-63.635,-60.762
6.8208,WALKING,RR,-184.5,-177.0,-206.224,-195.424,-176.999,-214.923,44.048,44.681,-63.636,-60.762
6.8208,WALKING,RL,-177.946,177.0,-220.0,-175.138,177.001,-219.846,38.022,37.505,-56.853,-57.189
6.8417,WALKING,FR,177.946,-177.0,-220.0,179.944,-176.983,-220.113,38.504,38.019,-56.407,-56.658
6.8417,WALKING,FL,184.5,177.0,-206.224,175.035,177.017,-210.098,43.973,45.278,-67.89,-66.154
6.8417,WALKING,RR,-174.25,-177.0,-206.224,-183.713,-176.994,-210.126,43.973,45.278,-67.889,-66.152
6.8417,WALKING,RL,-180.804,177.0,-220.0,-178.524,177.006,-219.822,38.649,38.178,-56.647,-56.968
6.8625,WALKING,FR,175.089,-177.0,-220.0,177.277,-176.991,-220.069,39.097,38.63,-56.179,-56.452
6.8625,WALKING,FL,194.331,177.0,-208.52,185.021,177.009,-207.083,42.362,44.342,-69.462,-69.019
6.8625,WALKING,RR,-164.419,-177.0,-208.52,-173.73,-176.997,-207.153,42.361,44.342,-69.461,-69.018
6.8625,WALKING,RL,-183.661,177.0,-220.0,-181.31,177.003,-219.808,39.235,38.77,-56.385,-56.723
6.8833,WALKING,FR,172.232,-177.0,-220.0,174.421,-176.994,-220.064,39.651,39.204,-55.892,-56.162
6.8833,WALKING,FL,202.903,177.0,-213.112,194.549,177.004,-206.827,39.43,41.769,-68.282,-69.101
6.8833,WALKING,RR,-155.847,-177.0,-213.112,-164.203,-177.001,-206.954,39.429,41.767,-68.28,-69.098
6.8833,WALKING,RL,-186.518,177.0,-220.0,-184.125,177.001,-219.798,39.795,39.33,-56.093,-56.443
6.9042,WALKING,FR,169.375,-177.0,-220.0,171.681,-177.004,-220.026,40.192,39.77,-55.578,-55.843
6.9042,WALKING,FL,209.375,177.0,-220.0,202.587,176.993,-209.283,35.639,38.05,-64.65,-66.613
6.9042,WALKING,RR,-149.375,-177.0,-220.0,-156.173,-177.005,-209.507,35.637,38.049,-64.646,-66.607
6.9042,WALKING,RL,-189.375,177.0,-220.0,-186.879,176.998,-219.821,40.324,39.855,-55.754,-56.114
6.9208,WALKING,FR,166.518,-177.0,-220.0,169.075,-177.002,-219.985,40.727,40.26,-55.242,-55.548
6.9208,WALKING,FL,209.375,177.0,-220.0,207.461,176.997,-213.121,33.516,34.264,-61.406,-62.737
6.9208,WALKING,RR,-149.375,-177.0,-220.0,-151.295,-177.004,-213.248,33.513,34.261,-61.402,-62.73
6.9208,WALKING,RL,-192.232,177.0,-220.0,-189.347,176.997,-219.741,40.869,40.369,-55.443,-55.855
6.9417,WALKING,FR,163.661,-177.0,-220.0,165.611,-176.988,-219.952,41.234,40.816,-54.847,-55.15
6.9417,WALKING,FL,206.518,177.0,-220.0,208.517,177.013,-217.261,32.491,32.206,-58.667,-59.366
6.9417,WALKING,RR,-152.232,-177.0,-220.0,-150.219,-177.0,-217.503,32.485,32.198,-58.658,-59.355
6.9417,WALKING,RL,-195.089,177.0,-220.0,-192.766,176.999,-219.673,41.379,40.963,-55.077,-55.462
6.9625,WALKING,FR,160.804,-177.0,-220.0,163.012,-177.007,-219.896,41.713,41.325,-54.437,-54.745
6.9625,WALKING,FL,203.661,177.0,-220.0,205.624,176.992,-219.175,32.548,32.123,-57.595,-57.914
6.9625,WALKING,RR,-155.089,-177.0,-220.0,-153.129,-177.005,-219.527,32.543,32.118,-57.588,-57.904
6.9625,WALKING,RL,-197.946,177.0,-220.0,-195.428,176.995,-219.635,41.855,41.421,-54.662,-55.079
6.9833,WALKING,FR,157.946,-177.0,-220.0,160.033,-176.992,-219.878,42.154,41.74,-53.967,-54.307
6.9833,WALKING,FL,200.804,177.0,-220.0,203.219,177.008,-219.955,33.09,32.555,-57.279,-57.526
6.9833,WALKING,RR,-157.946,-177.0,-220.0,-155.565,-176.992,-220.001,33.069,32.532,-57.247,-57.483
6.9833,WALKING,RL,-200.804,177.0,-220.0,-198.665,177.007,-219.741,42.234,41.842,-54.095,-54.468
7.0042,WALKING,FR,155.089,-177.0,-220.0,157.293,-177.003,-219.782,42.577,42.165,-53.473,-53.835
7.0042,WALKING,FL,197.946,177.0,-220.0,200.345,176.996,-220.163,33.756,33.216,-57.157,-57.358
7.0042,WALKING,RR,-160.804,-177.0,-220.0,-158.024,-176.997,-220.016,33.811,33.24,-57.244,-57.498
7.0042,WALKING,RL,-203.661,177.0,-220.0,-201.564,177.003,-219.807,42.601,42.215,-53.511,-53.87
7.0208,WALKING,FR,152.232,-177.0,-220.0,154.68,-176.998,-219.693,42.991,42.579,-52.969,-53.363
7.0208,WALKING,FL,195.089,177.0,-220.0,197.507,177.002,-220.344,34.413,33.858,-57.019,-57.188
7.0208,WALKING,RR,-163.661,-177.0,-220.0,-160.669,-176.996,-219.995,34.562,33.955,-57.254,-57.545
7.0208,WALKING,RL,-206.518,177.0,-220.0,-203.87,177.004,-219.809,43.028,42.593,-53.028,-53.456
7.0417,WALKING,FR,149.375,-177.0,-220.0,151.436,-177.004,-219.59,43.355,42.979,-52.388,-52.778
7.0417,WALKING,FL,192.232,177.0,-220.0,194.317,176.995,-220.361,35.129,34.595,-56.972,-57.134
7.0417,WALKING,RR,-166.518,-177.0,-220.0,-163.935,-176.997,-219.915,35.333,34.798,-57.292,-57.578
7.0417,WALKING,RL,-209.375,177.0,-220.0,-207.332,177.004,-219.712,43.371,43.004,-52.412,-52.805
7.0625,WALKING,FR,149.375,-177.0,-220.0,148.719,-176.997,-219.549,43.213,43.317,-52.159,-52.177
7.0625,WALKING,FL,189.375,177.0,-220.0,191.738,177.002,-220.29,35.865,35.331,-56.955,-57.149
7.0625,WALKING,RR,-169.375,-177.0,-220.0,-166.679,-176.995,-219.893,36.039,35.511,-57.23,-57.528
7.0625,WALKING,RL,-209.375,177.0,-220.0,-210.018,177.006,-219.752,43.213,43.312,-52.158,-52.178
7.0833,WALKING,FR,155.847,-177.0,-213.112,149.053,-176.993,-219.677,43.005,43.141,-54.223,-52.062
7.0833,WALKING,FL,186.518,177.0,-220.0,188.879,177.006,-220.233,36.565,36.038,-56.882,-57.097
7.0833,WALKING,RR,-172.232,-177.0,-220.0,-169.659,-176.99,-219.915,36.702,36.192,-57.113,-57.416
7.0833,WALKING,RL,-202.903,177.0,-213.112,-209.67,177.01,-220.072,42.995,43.127,-54.206,-52.043
7.1042,WALKING,FR,164.419,-177.0,-208.52,155.584,-176.997,-218.02,43.703,43.863,-58.872,-55.957
7.1042,WALKING,FL,183.661,177.0,-220.0,185.918,177.002,-220.16,37.25,36.744,-56.784,-57.017
7.1042,WALKING,RR,-175.089,-177.0,-220.0,-172.361,-176.994,-219.787,37.411,36.908,-57.066,-57.394
7.1042,WALKING,RL,-194.331,177.0,-208.52,-203.199,177.006,-218.272,43.691,43.851,-58.853,-55.933
7.1208,WALKING,FR,174.25,-177.0,-206.224,163.356,-176.997,-214.863,44.048,44.68,-63.636,-60.763
7.1208,WALKING,FL,180.804,177.0,-220.0,183.301,177.002,-220.14,37.882,37.374,-56.603,-56.848
7.1208,WALKING,RR,-177.946,-177.0,-220.0,-175.231,-176.998,-219.828,38.036,37.535,-56.87,-57.201
7.1208,WALKING,RL,-184.5,177.0,-206.224,-195.394,177.003,-215.024,44.037,44.667,-63.619,-60.741
7.1417,WALKING,FR,184.5,-177.0,-206.224,175.044,-177.001,-210.04,43.975,45.28,-67.892,-66.156
7.1417,WALKING,FL,177.946,177.0,-220.0,179.977,176.997,-220.111,38.506,38.02,-56.41,-56.664
7.1417,WALKING,RR,-180.804,-177.0,-220.0,-178.515,-176.996,-219.817,38.652,38.179,-56.65,-56.973
7.1417,WALKING,RL,-174.25,177.0,-206.224,-183.703,177.005,-210.205,43.967,45.27,-67.881,-66.141
7.1625,WALKING,FR,194.331,-177.0,-208.52,185.022,-176.997,-207.017,42.363,44.345,-69.464,-69.022
7.1625,WALKING,FL,175.089,177.0,-220.0,177.281,177.0,-220.069,39.098,38.627,-56.179,-56.454
7.1625,WALKING,RR,-183.661,-177.0,-220.0,-181.304,-176.995,-219.809,39.235,38.769,-56.385,-56.724
7.1625,WALKING,RL,-164.419,177.0,-208.52,-173.725,177.008,-207.219,42.358,44.338,-69.457,-69.011
7.1833,WALKING,FR,202.903,-177.0,-213.112,194.545,-176.993,-206.76,39.431,41.771,-68.283,-69.103
7.1833,WALKING,FL,172.232,177.0,-220.0,174.428,177.003,-220.065,39.652,39.205,-55.893,-56.164
7.1833,WALKING,RR,-186.518,-177.0,-220.0,-184.138,-176.992,-219.805,39.792,39.327,-56.088,-56.436
7.1833,WALKING,RL,-155.847,177.0,-213.112,-164.203,177.012,-207.018,39.427,41.765,-68.277,-69.094
7.2042,WALKING,FR,209.375,-177.0,-220.0,202.582,-176.986,-209.207,35.639,38.051,-64.65,-66.614
7.2042,WALKING,FL,169.375,177.0,-220.0,171.686,177.009,-220.031,40.19,39.766,-55.575,-55.84
7.2042,WALKING,RR,-189.375,-177.0,-220.0,-186.891,-176.991,-219.832,40.318,39.848,-55.745,-56.103
7.2042,WALKING,RL,-149.375,177.0,-220.0,-156.17,177.013,-209.572,35.636,38.047,-64.645,-66.606
7.2208,WALKING,FR,209.375,-177.0,-220.0,207.46,-176.99,-213.039,33.516,34.264,-61.406,-62.737
7.2208,WALKING,FL,166.518,177.0,-220.0,169.073,177.007,-219.994,40.721,40.255,-55.236,-55.54
7.2208,WALKING,RR,-192.232,-177.0,-220.0,-189.356,-176.993,-219.756,40.862,40.361,-55.432,-55.84
7.2208,WALKING,RL,-149.375,177.0,-220.0,-151.292,177.01,-213.317,33.511,34.259,-61.399,-62.727
7.2417,WALKING,FR,206.518,-177.0,-220.0,208.189,-176.94,-217.892,32.496,32.208,-58.675,-59.379
7.2417,WALKING,FL,163.661,177.0,-220.0,165.359,177.072,-220.099,41.228,40.806,-54.837,-55.139
7.2417,WALKING,RR,-195.089,-177.0,-220.0,-193.104,-176.845,-219.759,41.374,40.96,-55.07,-55.451
7.2417,WALKING,RL,-152.232,177.0,-220.0,-150.477,177.143,-217.205,32.483,32.195,-58.655,-59.351
7.2625,WALKING,FR,203.661,-177.0,-220.0,205.589,-177.023,-219.544,32.561,32.138,-57.615,-57.94
7.2625,WALKING,FL,160.804,177.0,-220.0,162.654,176.979,-219.941,41.695,41.316,-54.408,-54.701
7.2625,WALKING,RR,-197.946,-177.0,-220.0,-195.87,-177.011,-219.782,41.78,41.36,-54.543,-54.908
7.2625,WALKING,RL,-155.089,177.0,-220.0,-153.166,176.988,-219.215,32.545,32.119,-57.59,-57.907
7.2833,WALKING,FR,200.804,-177.0,-220.0,203.11,-177.003,-219.993,33.076,32.552,-57.258,-57.491
7.2833,WALKING,FL,157.946,177.0,-220.0,160.261,176.998,-219.897,42.149,41.72,-53.959,-54.306
7.2833,WALKING,RR,-200.804,-177.0,-220.0,-198.311,-176.996,-219.738,42.247,41.827,-54.115,-54.512
7.2833,WALKING,RL,-157.946,177.0,-220.0,-155.443,177.004,-219.967,33.08,32.525,-57.264,-57.519
7.3042,WALKING,FR,197.946,-177.0,-220.0,200.343,-176.991,-220.169,33.752,33.216,-57.15,-57.346
7.3042,WALKING,FL,155.089,177.0,-220.0,157.231,177.008,-219.788,42.574,42.166,-53.468,-53.827
7.3042,WALKING,RR,-203.661,-177.0,-220.0,-201.644,-177.002,-219.765,42.609,42.225,-53.524,-53.885
7.3042,WALKING,RL,-160.804,177.0,-220.0,-157.971,176.999,-219.958,33.837,33.261,-57.284,-57.556
7.3208,WALKING,FR,195.089,-177.0,-220.0,197.438,-176.999,-220.358,34.407,33.856,-57.009,-57.172
7.3208,WALKING,FL,152.232,177.0,-220.0,154.679,177.0,-219.665,42.994,42.582,-52.973,-53.368
7.3208,WALKING,RR,-206.518,-177.0,-220.0,-203.921,-177.006,-219.837,43.025,42.598,-53.022,-53.443
7.3208,WALKING,RL,-163.661,177.0,-220.0,-160.698,176.995,-219.912,34.602,34.01,-57.317,-57.624
7.3417,WALKING,FR,192.232,-177.0,-220.0,194.354,-176.988,-220.34,35.138,34.603,-56.986,-57.154
7.3417,WALKING,FL,149.375,177.0,-220.0,151.433,177.011,-219.566,43.357,42.982,-52.391,-52.782
7.3417,WALKING,RR,-209.375,-177.0,-220.0,-207.331,-177.003,-219.751,43.37,43.003,-52.412,-52.806
7.3417,WALKING,RL,-166.518,177.0,-220.0,-163.947,176.999,-219.896,35.343,34.815,-57.309,-57.598
7.3625,WALKING,FR,189.375,-177.0,-220.0,191.663,-176.995,-220.304,35.859,35.329,-56.945,-57.134
7.3625,WALKING,FL,149.375,177.0,-220.0,148.729,177.004,-219.542,43.216,43.32,-52.163,-52.181
7.3625,WALKING,RR,-209.375,-177.0,-220.0,-210.023,-177.002,-219.731,43.223,43.329,-52.174,-52.194
7.3625,WALKING,RL,-169.375,177.0,-220.0,-166.816,176.998,-219.931,36.024,35.496,-57.206,-57.493
7.3833,WALKING,FR,186.518,-177.0,-220.0,188.812,-176.996,-220.251,36.557,36.037,-56.869,-57.075
7.3833,WALKING,FL,155.847,177.0,-213.112,149.023,177.003,-219.743,43.007,43.143,-54.226,-52.066
7.3833,WALKING,RR,-202.903,-177.0,-213.112,-209.73,-177.004,-219.959,43.007,43.145,-54.227,-52.066
7.3833,WALKING,RL,-172.232,177.0,-220.0,-169.592,176.997,-219.929,36.7,36.179,-57.106,-57.413
7.4042,WALKING,FR,183.661,-177.0,-220.0,185.938,-176.993,-220.167,37.245,36.732,-56.777,-57.011
7.4042,WALKING,FL,164.419,177.0,-208.52,155.571,177.006,-218.069,43.706,43.868,-58.877,-55.963
7.4042,WALKING,RR,-194.331,-177.0,-208.52,-203.183,-177.001,-218.182,43.703,43.866,-58.873,-55.958
7.4042,WALKING,RL,-175.089,177.0,-220.0,-172.467,176.999,-219.852,37.385,36.891,-57.028,-57.343
7.4208,WALKING,FR,180.804,-177.0,-220.0,183.355,-176.994,-220.126,37.891,37.357,-56.617,-56.884
7.4208,WALKING,FL,174.25,177.0,-206.224,163.317,177.006,-214.936,44.048,44.68,-63.637,-60.764
7.4208,WALKING,RR,-184.5,-177.0,-206.224,-195.444,-176.998,-214.893,44.046,44.68,-63.634,-60.76
7.4208,WALKING,RL,-177.946,177.0,-220.0,-175.085,177.002,-219.794,38.037,37.51,-56.874,-57.221
7.4417,WALKING,FR,177.946,-177.0,-220.0,180.104,-176.986,-220.088,38.514,38.017,-56.422,-56.687
7.4417,WALKING,FL,184.5,177.0,-206.224,175.06,177.014,-210.098,43.973,45.279,-67.89,-66.152
7.4417,WALKING,RR,-174.25,-177.0,-206.224,-183.687,-176.994,-210.135,43.973,45.279,-67.889,-66.152
7.4417,WALKING,RL,-180.804,177.0,-220.0,-178.514,177.006,-219.85,38.632,38.157,-56.631,-56.947
7.4625,WALKING,FR,175.089,-177.0,-220.0,177.365,-176.997,-220.08,39.098,38.649,-56.168,-56.416
7.4625,WALKING,FL,194.331,177.0,-208.52,185.006,177.002,-207.122,42.361,44.342,-69.462,-69.018
7.4625,WALKING,RR,-164.419,-177.0,-208.52,-173.76,-176.989,-207.145,42.361,44.342,-69.461,-69.016
7.4625,WALKING,RL,-183.661,177.0,-220.0,-181.222,177.011,-219.809,39.236,38.755,-56.386,-56.734
7.4833,WALKING,FR,172.232,-177.0,-220.0,174.39,-176.989,-220.094,39.643,39.173,-55.87,-56.15
7.4833,WALKING,FL,202.903,177.0,-213.112,194.551,177.01,-206.832,39.43,41.77,-68.282,-69.1
7.4833,WALKING,RR,-155.847,-177.0,-213.112,-164.19,-177.0,-206.948,39.428,41.767,-68.279,-69.096
7.4833,WALKING,RL,-186.518,177.0,-220.0,-184.108,177.001,-219.794,39.798,39.334,-56.098,-56.449
7.5042,WALKING,FR,169.375,-177.0,-220.0,171.675,-177.001,-220.039,40.188,39.766,-55.572,-55.835
7.5042,WALKING,FL,209.375,177.0,-220.0,202.532,176.997,-209.328,35.639,38.05,-64.649,-66.612
7.5042,WALKING,RR,-149.375,-177.0,-220.0,-156.224,-177.001,-209.469,35.636,38.048,-64.646,-66.607
7.5042,WALKING,RL,-189.375,177.0,-220.0,-186.957,177.001,-219.773,40.341,39.883,-55.781,-56.145
7.5208,WALKING,FR,166.518,-177.0,-220.0,169.1,-177.002,-219.999,40.721,40.25,-55.236,-55.542
7.5208,WALKING,FL,209.375,177.0,-220.0,207.491,176.997,-213.122,33.515,34.264,-61.406,-62.736
7.5208,WALKING,RR,-149.375,-177.0,-220.0,-151.26,-177.004,-213.261,33.513,34.261,-61.401,-62.729
7.5208,WALKING,RL,-192.232,177.0,-220.0,-189.394,176.997,-219.759,40.863,40.371,-55.434,-55.837
7.5417,WALKING,FR,163.661,-177.0,-220.0,165.67,-176.988,-219.957,41.233,40.808,-54.846,-55.153
7.5417,WALKING,FL,206.518,177.0,-220.0,208.531,177.013,-217.272,32.49,32.206,-58.667,-59.366
7.5417,WALKING,RR,-152.232,-177.0,-220.0,-150.207,-177.0,-217.5,32.485,32.198,-58.658,-59.355
7.5417,WALKING,RL,-195.089,177.0,-220.0,-192.716,176.999,-219.682,41.377,40.954,-55.075,-55.463
7.5625,WALKING,FR,160.804,-177.0,-220.0,163.059,-177.007,-219.876,41.718,41.322,-54.444,-54.759
7.5625,WALKING,FL,203.661,177.0,-220.0,205.63,176.993,-219.184,32.548,32.122,-57.595,-57.914
7.5625,WALKING,RR,-155.089,-177.0,-220.0,-153.124,-177.004,-219.51,32.544,32.118,-57.588,-57.904
7.5625,WALKING,RL,-197.946,177.0,-220.0,-195.484,176.996,-219.645,41.849,41.425,-54.652,-55.058
7.5833,WALKING,FR,157.946,-177.0,-220.0,160.03,-176.999,-219.8,42.149,41.728,-53.96,-54.303
7.5833,WALKING,FL,200.804,177.0,-220.0,203.052,177.001,-220.02,33.066,32.547,-57.242,-57.466
7.5833,WALKING,RR,-157.946,-177.0,-220.0,-155.703,-176.994,-220.041,33.055,32.533,-57.225,-57.444
7.5833,WALKING,RL,-200.804,177.0,-220.0,-198.315,177.007,-219.736,42.297,41.889,-54.195,-54.613
7.6042,WALKING,FR,155.089,-177.0,-220.0,157.143,-176.998,-219.831,42.538,42.132,-53.41,-53.747
7.6042,WALKING,FL,197.946,177.0,-220.0,200.391,177.002,-220.124,33.775,33.233,-57.187,-57.401
7.6042,WALKING,RR,-160.804,-177.0,-220.0,-158.1,-176.995,-220.054,33.795,33.22,-57.219,-57.466
7.6042,WALKING,RL,-203.661,177.0,-220.0,-201.532,177.005,-219.764,42.649,42.265,-53.588,-53.972
7.6208,WALKING,FR,152.232,-177.0,-220.0,154.664,-177.001,-219.82,42.972,42.553,-52.937,-53.325
7.6208,WALKING,FL,195.089,177.0,-220.0,197.629,177.0,-220.255,34.451,33.904,-57.078,-57.264
7.6208,WALKING,RR,-163.661,-177.0,-220.0,-160.565,-177.001,-220.026,34.546,33.916,-57.228,-57.524
7.6208,WALKING,RL,-206.518,177.0,-220.0,-204.073,176.998,-219.689,43.026,42.621,-53.024,-53.432
7.6417,WALKING,FR,149.375,-177.0,-220.0,151.437,-177.013,-219.624,43.346,42.967,-52.372,-52.76
7.6417,WALKING,FL,192.232,177.0,-220.0,194.279,176.985,-220.309,35.157,34.638,-57.015,-57.184
7.6417,WALKING,RR,-166.518,-177.0,-220.0,-163.909,-176.997,-219.938,35.323,34.783,-57.277,-57.561
7.6417,WALKING,RL,-209.375,177.0,-220.0,-207.33,177.005,-219.723,43.358,42.986,-52.392,-52.781
7.6625,WALKING,FR,149.375,-177.0,-220.0,148.695,-176.999,-219.53,43.212,43.315,-52.157,-52.174
7.6625,WALKING,FL,189.375,177.0,-220.0,191.659,177.0,-220.269,35.866,35.327,-56.957,-57.156
7.6625,WALKING,RR,-169.375,-177.0,-220.0,-166.763,-176.994,-219.913,36.032,35.497,-57.218,-57.514
7.6625,WALKING,RL,-209.375,177.0,-220.0,-210.071,177.006,-219.788,43.199,43.301,-52.135,-52.146
7.6833,WALKING,FR,155.847,-177.0,-213.112,148.994,-176.994,-219.675,43.004,43.139,-54.221,-52.061
7.6833,WALKING,FL,186.518,177.0,-220.0,188.658,177.005,-220.261,36.552,36.054,-56.862,-57.051
7.6833,WALKING,RR,-172.232,-177.0,-220.0,-169.584,-176.991,-219.891,36.708,36.209,-57.131,-57.433
7.6833,WALKING,RL,-202.903,177.0,-213.112,-209.755,177.01,-220.086,42.989,43.121,-54.198,-52.032
7.7042,WALKING,FR,164.419,-177.0,-208.52,155.581,-176.995,-217.984,43.703,43.864,-58.873,-55.958
7.7042,WALKING,FL,183.661,177.0,-220.0,185.946,177.004,-220.171,37.239,36.718,-56.767,-57.002
7.7042,WALKING,RR,-175.089,-177.0,-220.0,-172.472,-176.993,-219.808,37.407,36.916,-57.062,-57.381
7.7042,WALKING,RL,-194.331,177.0,-208.52,-203.192,177.007,-218.312,43.69,43.849,-58.852,-55.931
7.7208,WALKING,FR,174.25,-177.0,-206.224,163.357,-176.994,-214.815,44.048,44.681,-63.636,-60.763
7.7208,WALKING,FL,180.804,177.0,-220.0,183.405,177.004,-220.124,37.882,37.355,-56.604,-56.862
7.7208,WALKING,RR,-177.946,-177.0,-220.0,-175.154,-176.995,-219.838,38.022,37.507,-56.853,-57.188
7.7208,WALKING,RL,-184.5,177.0,-206.224,-195.399,177.006,-215.049,44.038,44.67,-63.621,-60.743
7.7417,WALKING,FR,184.5,-177.0,-206.224,175.03,-176.999,-210.011,43.975,45.28,-67.893,-66.158
7.7417,WALKING,FL,177.946,177.0,-220.0,179.974,176.999,-220.102,38.51,38.026,-56.417,-56.672
7.7417,WALKING,RR,-180.804,-177.0,-220.0,-178.544,-176.994,-219.818,38.651,38.186,-56.649,-56.968
7.7417,WALKING,RL,-174.25,177.0,-206.224,-183.717,177.008,-210.228,43.968,45.271,-67.882,-66.143
7.7625,WALKING,FR,194.331,-177.0,-208.52,185.021,-176.994,-206.974,42.364,44.345,-69.465,-69.023
7.7625,WALKING,FL,175.089,177.0,-220.0,177.297,177.002,-220.05,39.102,38.631,-56.19,-56.468
7.7625,WALKING,RR,-183.661,-177.0,-220.0,-181.33,-176.992,-219.813,39.233,38.769,-56.381,-56.717
7.7625,WALKING,RL,-164.419,177.0,-208.52,-173.726,177.011,-207.247,42.359,44.339,-69.458,-69.013
7.7833,WALKING,FR,202.903,-177.0,-213.112,194.544,-176.989,-206.72,39.432,41.771,-68.284,-69.104
7.7833,WALKING,FL,172.232,177.0,-220.0,174.436,177.006,-220.054,39.658,39.217,-55.906,-56.175
7.7833,WALKING,RR,-186.518,-177.0,-220.0,-184.145,-176.99,-219.812,39.789,39.323,-56.083,-56.429
7.7833,WALKING,RL,-155.847,177.0,-213.112,-164.204,177.015,-207.053,39.428,41.766,-68.278,-69.095
7.8042,WALKING,FR,209.375,-177.0,-220.0,202.585,-176.982,-209.163,35.64,38.052,-64.651,-66.616
7.8042,WALKING,FL,169.375,177.0,-220.0,171.634,177.012,-220.025,40.192,39.778,-55.578,-55.838
7.8042,WALKING,RR,-189.375,-177.0,-220.0,-187.026,-176.988,-219.85,40.31,39.855,-55.732,-56.075
7.8042,WALKING,RL,-149.375,177.0,-220.0,-156.167,177.017,-209.608,35.636,38.047,-64.646,-66.607
7.8208,WALKING,FR,209.375,-177.0,-220.0,207.466,-176.987,-212.989,33.517,34.265,-61.407,-62.739
7.8208,WALKING,FL,166.518,177.0,-220.0,169.073,177.01,-219.995,40.721,40.254,-55.236,-55.54
7.8208,WALKING,RR,-192.232,-177.0,-220.0,-189.353,-176.99,-219.774,40.855,40.351,-55.42,-55.826
7.8208,WALKING,RL,-149.375,177.0,-220.0,-151.285,177.013,-213.358,33.512,34.259,-61.4,-62.728
7.8417,WALKING,FR,206.518,-177.0,-220.0,208.106,-176.872,-217.866,32.501,32.216,-58.684,-59.391
7.8417,WALKING,FL,163.661,177.0,-220.0,165.295,177.138,-219.789,41.23,40.797,-54.842,-55.152
7.8417,WALKING,RR,-195.089,-177.0,-220.0,-193.291,-176.817,-219.7,41.368,40.954,-55.06,-55.437
7.8417,WALKING,RL,-152.232,177.0,-220.0,-150.618,177.173,-216.834,32.484,32.198,-58.657,-59.353
7.8625,WALKING,FR,203.661,-177.0,-220.0,205.525,-177.027,-219.584,32.557,32.135,-57.61,-57.932
7.8625,WALKING,FL,160.804,177.0,-220.0,162.668,176.975,-219.921,41.708,41.305,-54.429,-54.744
7.8625,WALKING,RR,-197.946,-177.0,-220.0,-195.909,-177.014,-219.78,41.778,41.362,-54.539,-54.901
7.8625,WALKING,RL,-155.089,177.0,-220.0,-153.214,176.984,-219.173,32.546,32.121,-57.592,-57.909
7.8833,WALKING,FR,200.804,-177.0,-220.0,203.039,-177.0,-220.045,33.065,32.567,-57.24,-57.45
7.8833,WALKING,FL,157.946,177.0,-220.0,160.238,177.0,-219.881,42.155,41.735,-53.969,-54.315
7.8833,WALKING,RR,-200.804,-177.0,-220.0,-198.467,-177.001,-219.821,42.211,41.802,-54.058,-54.429
7.8833,WALKING,RL,-157.946,177.0,-220.0,-155.178,176.999,-219.874,33.114,32.549,-57.318,-57.599
7.9042,WALKING,FR,197.946,-177.0,-220.0,200.334,-176.995,-220.234,33.725,33.179,-57.108,-57.293
7.9042,WALKING,FL,155.089,177.0,-220.0,157.312,177.004,-219.772,42.577,42.168,-53.474,-53.835
7.9042,WALKING,RR,-203.661,-177.0,-220.0,-201.266,-177.003,-219.816,42.624,42.201,-53.548,-53.943
7.9042,WALKING,RL,-160.804,177.0,-220.0,-157.974,176.998,-219.954,33.847,33.275,-57.3,-57.576
7.9208,WALKING,FR,195.089,-177.0,-220.0,197.521,-176.993,-220.366,34.4,33.832,-56.998,-57.166
7.9208,WALKING,FL,152.232,177.0,-220.0,154.628,177.006,-219.743,42.994,42.581,-52.972,-53.368
7.9208,WALKING,RR,-206.518,-177.0,-220.0,-204.001,-177.001,-219.696,43.042,42.625,-53.049,-53.473
7.9208,WALKING,RL,-163.661,177.0,-220.0,-160.512,177.0,-219.883,34.603,33.976,-57.319,-57.648
7.9417,WALKING,FR,192.232,-177.0,-220.0,194.215,-176.986,-220.381,35.123,34.6,-56.962,-57.114
7.9417,WALKING,FL,149.375,177.0,-220.0,151.407,177.012,-219.552,43.358,42.982,-52.392,-52.784
7.9417,WALKING,RR,-209.375,-177.0,-220.0,-207.178,-177.002,-219.702,43.41,43.033,-52.476,-52.897
7.9417,WALKING,RL,-166.518,177.0,-220.0,-164.146,177.0,-219.904,35.346,34.845,-57.314,-57.587
7.9625,WALKING,FR,189.136,-177.0,-220.0,191.763,-176.997,-220.289,35.904,35.313,-56.918,-57.139
7.9625,WALKING,FL,150.093,177.0,-220.0,148.72,177.002,-219.515,43.096,43.322,-52.262,-52.182
7.9625,WALKING,RR,-208.657,-177.0,-220.0,-210.055,-177.003,-219.703,43.125,43.361,-52.308,-52.237
7.9625,WALKING,RL,-169.614,177.0,-220.0,-166.816,176.998,-219.938,36.067,35.491,-57.176,-57.487
7.9833,WALKING,FR,185.92,-177.0,-220.0,188.493,-176.994,-220.25,36.68,36.098,-56.817,-57.056
7.9833,WALKING,FL,157.815,177.0,-213.112,149.769,177.005,-219.796,42.673,43.013,-54.525,-52.193
7.9833,WALKING,RR,-200.935,-177.0,-213.112,-208.985,-177.002,-219.997,42.686,43.029,-54.545,-52.216
7.9833,WALKING,RL,-172.83,177.0,-220.0,-169.935,176.999,-219.969,36.815,36.221,-57.03,-57.358
8.0042,WALKING,FR,183.046,-177.0,-220.0,185.116,-176.99,-220.202,37.37,36.881,-56.719,-56.932
8.0042,WALKING,FL,166.565,177.0,-208.52,157.647,177.009,-218.143,43.348,43.521,-59.238,-56.313
8.0042,WALKING,RR,-192.185,-177.0,-208.52,-201.114,-177.0,-218.234,43.352,43.527,-59.244,-56.318
8.0042,WALKING,RL,-175.704,177.0,-220.0,-173.127,177.001,-219.866,37.511,37.007,-56.974,-57.291
8.0208,WALKING,FR,180.528,-177.0,-220.0,182.65,-176.992,-220.145,37.947,37.479,-56.591,-56.815
8.0208,WALKING,FL,175.238,177.0,-206.224,165.524,177.008,-214.872,43.9,44.323,-63.834,-61.132
8.0208,WALKING,RR,-183.512,-177.0,-206.224,-193.232,-176.999,-214.855,43.901,44.326,-63.836,-61.133
8.0208,WALKING,RL,-178.222,177.0,-220.0,-175.704,177.001,-219.801,38.105,37.64,-56.861,-57.172
8.0417,WALKING,FR,178.311,-177.0,-220.0,179.547,-176.986,-220.134,38.434,38.109,-56.447,-56.599
8.0417,WALKING,FL,183.193,177.0,-206.224,175.965,177.013,-209.968,44.265,45.153,-67.782,-66.31
8.0417,WALKING,RR,-175.557,-177.0,-206.224,-182.782,-176.997,-210.086,44.263,45.151,-67.779,-66.305
8.0417,WALKING,RL,-180.439,177.0,-220.0,-178.846,177.004,-219.85,38.578,38.243,-56.683,-56.918
8.0625,WALKING,FR,176.396,-177.0,-220.0,177.873,-177.005,-220.09,38.841,38.541,-56.3,-56.451
8.0625,WALKING,FL,189.771,177.0,-208.52,183.625,176.991,-207.041,43.355,44.711,-69.071,-68.89
8.0625,WALKING,RR,-168.979,-177.0,-208.52,-175.132,-177.007,-207.301,43.354,44.711,-69.069,-68.886
8.0625,WALKING,RL,-182.354,177.0,-220.0,-180.752,176.996,-219.861,38.963,38.648,-56.5,-56.724
8.0833,WALKING,FR,174.728,-177.0,-220.0,175.796,-177.002,-220.107,39.167,38.925,-56.131,-56.258
8.0833,WALKING,FL,194.683,177.0,-213.112,189.918,176.992,-206.98,41.307,42.936,-67.787,-68.788
8.0833,WALKING,RR,-164.067,-177.0,-213.112,-168.833,-177.015,-207.332,41.303,42.931,-67.781,-68.779
8.0833,WALKING,RL,-184.022,177.0,-220.0,-182.467,176.991,-219.822,39.31,39.035,-56.354,-56.575
8.1042,WALKING,FR,173.282,-177.0,-220.0,174.522,-177.01,-220.047,39.459,39.23,-56.02,-56.156
8.1042,WALKING,FL,197.653,177.0,-220.0,194.38,176.985,-209.621,38.412,40.171,-64.245,-66.296
8.1042,WALKING,RR,-161.097,-177.0,-220.0,-164.37,-177.016,-210.021,38.411,40.17,-64.243,-66.293
8.1042,WALKING,RL,-185.468,177.0,-220.0,-184.149,176.989,-219.772,39.614,39.39,-56.238,-56.443
8.1208,WALKING,FR,171.953,-177.0,-220.0,173.246,-177.011,-220.012,39.727,39.494,-55.902,-56.047
8.1208,WALKING,FL,196.693,177.0,-220.0,196.541,176.986,-213.479,36.689,37.224,-61.223,-62.498
8.1208,WALKING,RR,-162.057,-177.0,-220.0,-162.215,-177.014,-213.912,36.689,37.225,-61.222,-62.497
8.1208,WALKING,RL,-186.797,177.0,-220.0,-185.455,176.989,-219.792,39.863,39.637,-56.085,-56.293
8.1417,WALKING,FR,170.981,-177.0,-220.0,171.511,-177.054,-220.005,39.943,39.787,-55.84,-55.945
8.1417,WALKING,FL,193.874,177.0,-220.0,195.745,176.956,-218.077,35.808,35.539,-58.711,-59.385
8.1417,WALKING,RR,-164.876,-177.0,-220.0,-162.909,-177.161,-217.342,35.801,35.534,-58.7,-59.369
8.1417,WALKING,RL,-187.769,177.0,-220.0,-187.344,176.828,-219.777,40.045,39.91,-55.972,-56.125
8.1625,WALKING,FR,170.0,-177.0,-220.0,170.319,-176.99,-220.009,40.084,40.037,-55.663,-55.693
8.1625,WALKING,FL,191.635,177.0,-220.0,193.312,177.01,-219.456,35.76,35.474,-57.719,-58.022
8.1625,WALKING,RR,-167.115,-177.0,-220.0,-165.446,-176.987,-219.208,35.748,35.458,-57.7,-57.997
8.1625,WALKING,RL,-188.75,177.0,-220.0,-188.047,177.013,-219.896,40.164,40.01,-55.761,-55.881
8.1833,WALKING,FR,168.754,-177.0,-220.0,169.639,-176.999,-220.08,40.274,40.118,-55.445,-55.536
8.1833,WALKING,FL,189.996,177.0,-220.0,191.364,177.001,-219.883,35.938,35.701,-57.36,-57.51
8.1833,WALKING,RR,-168.754,-177.0,-220.0,-167.388,-176.999,-219.863,35.925,35.687,-57.338,-57.485
8.1833,WALKING,RL,-189.996,177.0,-220.0,-188.564,177.001,-219.855,40.406,40.163,-55.628,-55.831
8.2042,WALKING,FR,167.782,-177.0,-220.0,168.584,-177.0,-220.133,40.424,40.265,-55.262,-55.341
8.2042,WALKING,FL,188.24,177.0,-220.0,189.812,177.0,-220.06,36.277,35.958,-57.136,-57.283
8.2042,WALKING,RR,-170.51,-177.0,-220.0,-168.595,-177.0,-219.859,36.351,36.005,-57.286,-57.505
8.2042,WALKING,RL,-190.968,177.0,-220.0,-189.933,177.0,-219.765,40.616,40.456,-55.561,-55.736
8.2208,WALKING,FR,167.02,-177.0,-220.0,167.372,-176.999,-220.124,40.554,40.471,-55.149,-55.171
8.2208,WALKING,FL,186.528,177.0,-220.0,188.148,177.001,-220.097,36.658,36.326,-57.032,-57.182
8.2208,WALKING,RR,-172.222,-177.0,-220.0,-170.101,-177.0,-219.77,36.794,36.455,-57.267,-57.496
8.2208,WALKING,RL,-191.73,177.0,-220.0,-191.004,177.0,-219.821,40.721,40.609,-55.413,-55.542
8.2417,WALKING,FR,166.425,-177.0,-220.0,166.707,-177.0,-220.124,40.652,40.563,-55.068,-55.109
8.2417,WALKING,FL,184.925,177.0,-220.0,186.333,177.0,-220.07,37.039,36.754,-56.972,-57.104
8.2417,WALKING,RR,-173.825,-177.0,-220.0,-172.542,-177.0,-219.91,37.111,36.884,-57.117,-57.262
8.2417,WALKING,RL,-192.325,177.0,-220.0,-191.97,177.0,-219.903,40.778,40.71,-55.262,-55.326
8.2625,WALKING,FR,166.911,-177.0,-220.0,166.193,-177.0,-220.104,40.571,40.685,-55.13,-55.021
8.2625,WALKING,FL,183.53,177.0,-220.0,184.831,177.0,-220.05,37.363,37.103,-56.908,-57.035
8.2625,WALKING,RR,-175.22,-177.0,-220.0,-173.905,-177.0,-219.953,37.399,37.166,-56.997,-57.142
8.2625,WALKING,RL,-191.839,177.0,-220.0,-192.584,177.0,-219.954,40.666,40.788,-55.246,-55.171
8.2833,WALKING,FR,169.655,-177.0,-213.112,166.934,-177.001,-220.114,41.008,40.56,-56.907,-55.123
8.2833,WALKING,FL,182.326,177.0,-220.0,183.557,176.999,-220.022,37.632,37.41,-56.858,-56.987
8.2833,WALKING,RR,-176.424,-177.0,-220.0,-175.29,-177.0,-220.031,37.633,37.449,-56.859,-56.964
8.2833,WALKING,RL,-189.095,177.0,-213.112,-191.81,177.0,-219.976,41.077,40.645,-57.017,-55.259
8.3042,WALKING,FR,173.316,-177.0,-208.52,169.734,-177.004,-217.754,42.504,41.957,-60.826,-58.568
8.3042,WALKING,FL,181.111,177.0,-220.0,182.403,176.996,-219.977,37.92,37.691,-56.821,-56.963
8.3042,WALKING,RR,-177.639,-177.0,-220.0,-176.126,-177.004,-219.883,37.971,37.704,-56.896,-57.076
8.3042,WALKING,RL,-185.434,177.0,-208.52,-189.023,176.996,-217.531,42.538,42.002,-60.879,-58.635
8.3208,WALKING,FR,177.366,-177.0,-206.224,172.968,-177.012,-214.314,43.773,43.495,-64.558,-62.525
8.3208,WALKING,FL,179.935,177.0,-220.0,181.2,176.99,-219.952,38.18,37.956,-56.746,-56.889
8.3208,WALKING,RR,-178.815,-177.0,-220.0,-177.165,-177.009,-219.713,38.308,38.027,-56.916,-57.164
8.3208,WALKING,RL,-181.384,177.0,-206.224,-185.786,176.988,-213.956,43.788,43.516,-64.581,-62.555
8.3417,WALKING,FR,181.273,-177.0,-206.224,177.782,-177.014,-209.741,44.777,45.034,-67.749,-66.749
8.3417,WALKING,FL,178.846,177.0,-220.0,179.619,176.991,-219.978,38.398,38.265,-56.642,-56.725
8.3417,WALKING,RR,-179.904,-177.0,-220.0,-178.814,-177.009,-219.659,38.567,38.399,-56.876,-57.073
8.3417,WALKING,RL,-177.477,177.0,-206.224,-180.971,176.987,-209.446,44.778,45.036,-67.751,-66.751
8.3625,WALKING,FR,184.711,-177.0,-208.52,181.545,-177.01,-207.245,44.471,45.284,-68.653,-68.729
8.3625,WALKING,FL,177.846,177.0,-220.0,178.612,176.994,-220.012,38.584,38.452,-56.523,-56.603
8.3625,WALKING,RR,-180.904,-177.0,-220.0,-179.815,-177.006,-219.71,38.745,38.574,-56.746,-56.931
8.3625,WALKING,RL,-174.039,177.0,-208.52,-177.207,176.99,-207.057,44.469,45.281,-68.649,-68.723
8.3833,WALKING,FR,187.572,-177.0,-213.112,184.815,-177.008,-207.433,42.908,44.179,-67.311,-68.392
8.3833,WALKING,FL,176.886,177.0,-220.0,177.859,176.995,-219.994,38.786,38.618,-56.447,-56.551
8.3833,WALKING,RR,-181.864,-177.0,-220.0,-180.798,-177.005,-219.739,38.933,38.766,-56.647,-56.827
8.3833,WALKING,RL,-171.178,177.0,-213.112,-173.937,176.992,-207.295,42.904,44.174,-67.305,-68.383
8.4042,WALKING,FR,189.513,-177.0,-220.0,187.344,-177.01,-210.156,40.296,41.899,-63.877,-65.913
8.4042,WALKING,FL,175.996,177.0,-220.0,176.867,176.993,-219.959,38.984,38.835,-56.392,-56.488
8.4042,WALKING,RR,-182.754,-177.0,-220.0,-181.638,-177.007,-219.69,39.132,38.961,-56.595,-56.791
8.4042,WALKING,RL,-169.237,177.0,-220.0,-171.407,176.99,-209.956,40.29,41.891,-63.868,-65.9
8.4208,WALKING,FR,189.221,-177.0,-220.0,188.71,-177.01,-213.99,38.507,39.169,-61.017,-62.194
8.4208,WALKING,FL,175.155,177.0,-220.0,176.076,176.992,-219.937,39.162,39.005,-56.325,-56.431
8.4208,WALKING,RR,-183.595,-177.0,-220.0,-182.422,-177.009,-219.652,39.315,39.138,-56.537,-56.748
8.4208,WALKING,RL,-169.529,177.0,-220.0,-170.041,176.989,-213.738,38.5,39.16,-61.006,-62.178
8.4417,WALKING,FR,187.686,-177.0,-220.0,188.985,-177.252,-216.981,37.379,37.357,-58.639,-59.214
8.4417,WALKING,FL,174.563,177.0,-220.0,175.282,176.75,-219.959,39.281,39.198,-56.267,-56.324
8.4417,WALKING,RR,-184.187,-177.0,-220.0,-183.703,-177.074,-219.579,39.374,39.324,-56.386,-56.483
8.4417,WALKING,RL,-171.064,177.0,-220.0,-169.085,176.922,-217.909,37.439,37.376,-58.732,-59.373
8.4625,WALKING,FR,186.085,-177.0,-220.0,187.447,-176.973,-218.678,37.145,36.97,-57.616,-57.904
8.4625,WALKING,FL,174.244,177.0,-220.0,174.876,177.026,-219.88,39.388,39.283,-56.276,-56.38
8.4625,WALKING,RR,-184.506,-177.0,-220.0,-183.928,-176.974,-219.775,39.432,39.349,-56.346,-56.463
8.4625,WALKING,RL,-172.665,177.0,-220.0,-171.388,177.027,-219.519,37.186,37.035,-57.681,-57.979
8.4833,WALKING,FR,184.654,-177.0,-220.0,185.682,-176.948,-219.771,37.259,37.039,-57.206,-57.394
8.4833,WALKING,FL,174.096,177.0,-220.0,174.023,177.056,-219.676,39.412,39.405,-56.257,-56.272
8.4833,WALKING,RR,-184.654,-177.0,-220.0,-184.859,-176.818,-219.837,39.433,39.44,-56.286,-56.329
8.4833,WALKING,RL,-174.096,177.0,-220.0,-173.055,177.178,-219.463,37.262,37.055,-57.21,-57.392
8.5042,WALKING,FR,183.721,-177.0,-220.0,184.546,-177.0,-219.945,37.379,37.241,-57.046,-57.136
8.5042,WALKING,FL,173.692,177.0,-220.0,173.746,177.0,-219.96,39.442,39.441,-56.155,-56.156
8.5042,WALKING,RR,-185.058,-177.0,-220.0,-184.653,-177.0,-219.905,39.473,39.41,-56.201,-56.251
8.5042,WALKING,RL,-175.029,177.0,-220.0,-174.159,177.0,-219.916,37.39,37.242,-57.061,-57.158
8.5208,WALKING,FR,182.961,-177.0,-220.0,183.788,-177.0,-219.976,37.529,37.389,-56.969,-57.057
8.5208,WALKING,FL,173.18,177.0,-220.0,173.44,177.0,-220.03,39.493,39.456,-56.035,-56.056
8.5208,WALKING,RR,-185.57,-177.0,-220.0,-184.967,-177.0,-219.883,39.584,39.483,-56.153,-56.238
8.5208,WALKING,RL,-175.789,177.0,-220.0,-174.895,177.0,-219.919,37.557,37.406,-57.011,-57.112
8.5417,WALKING,FR,182.168,-177.0,-220.0,182.936,-177.0,-220.026,37.674,37.539,-56.864,-56.942
8.5417,WALKING,FL,172.858,177.0,-220.0,172.886,177.0,-220.095,39.52,39.518,-55.925,-55.925
8.5417,WALKING,RR,-185.892,-177.0,-220.0,-185.533,-177.0,-219.851,39.658,39.61,-56.133,-56.207
8.5417,WALKING,RL,-176.582,177.0,-220.0,-175.724,177.0,-219.886,37.749,37.603,-56.979,-57.082
8.5625,WALKING,FR,181.471,-177.0,-220.0,182.235,-177.0,-220.032,37.82,37.687,-56.807,-56.884
8.5625,WALKING,FL,173.087,177.0,-220.0,172.547,177.0,-220.135,39.474,39.556,-55.935,-55.844
8.5625,WALKING,RR,-185.663,-177.0,-220.0,-185.873,-177.0,-219.875,39.604,39.659,-56.142,-56.143
8.5625,WALKING,RL,-177.279,177.0,-220.0,-176.611,177.0,-219.927,37.881,37.773,-56.908,-56.982
8.5833,WALKING,FR,180.881,-177.0,-220.0,181.59,-177.0,-219.993,37.969,37.852,-56.805,-56.877
8.5833,WALKING,FL,174.414,177.0,-213.112,173.079,177.0,-220.11,40.15,39.477,-57.574,-55.936
8.5833,WALKING,RR,-184.336,-177.0,-213.112,-185.766,-177.0,-219.924,40.24,39.608,-57.718,-56.103
8.5833,WALKING,RL,-177.869,177.0,-220.0,-177.282,177.0,-219.984,37.976,37.883,-56.818,-56.876
8.6042,WALKING,FR,180.266,-177.0,-220.0,181.151,-176.998,-219.92,38.145,37.996,-56.823,-56.926
8.6042,WALKING,FL,176.267,177.0,-208.52,174.532,177.002,-217.634,41.958,41.124,-61.244,-59.194
8.6042,WALKING,RR,-182.483,-177.0,-208.52,-184.217,-176.998,-217.415,42.013,41.192,-61.33,-59.304
8.6042,WALKING,RL,-178.484,177.0,-220.0,-177.568,177.002,-219.831,38.188,38.034,-56.863,-57.0
8.6208,WALKING,FR,179.661,-177.0,-220.0,180.54,-176.995,-219.863,38.308,38.155,-56.806,-56.929
8.6208,WALKING,FL,178.349,177.0,-206.224,176.177,177.006,-214.138,43.587,42.972,-64.696,-62.901
8.6208,WALKING,RR,-180.401,-177.0,-206.224,-182.58,-176.994,-213.865,43.62,43.017,-64.746,-62.966
8.6208,WALKING,RL,-179.089,177.0,-220.0,-178.181,177.005,-219.732,38.362,38.221,-56.889,-57.047
8.6417,POST_MARCH,FR,179.375,-177.0,-220.0,179.651,-176.995,-219.863,38.37,38.333,-56.783,-56.844
8.6417,POST_MARCH,FL,179.375,177.0,-192.449,178.651,177.007,-209.635,47.123,44.892,-70.863,-66.827
8.6417,POST_MARCH,RR,-179.375,-177.0,-192.449,-180.107,-176.993,-209.433,47.14,44.915,-70.888,-66.86
8.6417,POST_MARCH,RL,-179.375,177.0,-220.0,-179.068,177.005,-219.744,38.427,38.399,-56.873,-56.963
8.6625,POST_MARCH,FR,179.375,-177.0,-220.0,179.383,-177.0,-219.89,38.369,38.375,-56.781,-56.794
8.6625,POST_MARCH,FL,179.375,177.0,-197.041,180.147,177.0,-200.777,50.288,49.844,-75.388,-74.988
8.6625,POST_MARCH,RR,-179.375,-177.0,-197.041,-178.608,-177.0,-200.766,50.295,49.855,-75.398,-75.003
8.6625,POST_MARCH,RL,-179.375,177.0,-220.0,-179.329,177.0,-219.824,38.393,38.406,-56.818,-56.861
8.6833,POST_MARCH,FR,179.375,-177.0,-220.0,179.643,-177.002,-219.867,38.371,38.339,-56.784,-56.843
8.6833,POST_MARCH,FL,179.375,177.0,-206.224,179.398,176.996,-196.778,49.719,51.169,-74.269,-76.632
8.6833,POST_MARCH,RR,-179.375,-177.0,-206.224,-179.36,-177.003,-196.808,49.724,51.178,-74.276,-76.641
8.6833,POST_MARCH,RL,-179.375,177.0,-220.0,-179.064,176.998,-219.799,38.401,38.369,-56.831,-56.908
8.7042,POST_MARCH,FR,179.375,-177.0,-220.0,179.722,-176.999,-219.831,38.384,38.34,-56.805,-56.879
8.7042,POST_MARCH,FL,179.375,177.0,-220.0,178.93,177.002,-201.445,45.666,48.298,-67.965,-72.153
8.7042,POST_MARCH,RR,-179.375,-177.0,-220.0,-179.828,-176.998,-201.38,45.671,48.306,-67.973,-72.163
8.7042,POST_MARCH,RL,-179.375,177.0,-220.0,-178.987,177.001,-219.71,38.443,38.406,-56.897,-57.002
8.7208,POST_MARCH,FR,179.375,-177.0,-220.0,179.653,-176.998,-219.825,38.388,38.357,-56.811,-56.879
8.7208,POST_MARCH,FL,179.375,177.0,-220.0,178.754,177.004,-209.152,42.33,43.671,-62.935,-64.921
8.7208,POST_MARCH,RR,-179.375,-177.0,-220.0,-180.003,-176.996,-209.054,42.335,43.68,-62.943,-64.932
8.7208,POST_MARCH,RL,-179.375,177.0,-220.0,-179.056,177.002,-219.683,38.457,38.437,-56.92,-57.023
8.7417,POST_MARCH,FR,179.375,-177.0,-220.0,179.549,-176.998,-219.839,38.383,38.37,-56.803,-56.857
8.7417,POST_MARCH,FL,179.375,177.0,-220.0,179.176,177.002,-216.153,39.816,40.255,-59.05,-59.735
8.7417,POST_MARCH,RR,-179.375,-177.0,-220.0,-179.581,-176.998,-216.084,39.821,40.264,-59.059,-59.746
8.7417,POST_MARCH,RL,-179.375,177.0,-220.0,-179.155,177.002,-219.708,38.446,38.442,-56.903,-56.99
8.7625,POST_MARCH,FR,179.375,-177.0,-220.0,179.607,-176.918,-219.898,38.366,38.363,-56.781,-56.788
8.7625,POST_MARCH,FL,179.375,177.0,-220.0,179.394,177.081,-218.234,38.893,39.055,-57.605,-57.862
8.7625,POST_MARCH,RR,-179.375,-177.0,-220.0,-179.085,-176.992,-218.727,38.923,39.046,-57.653,-57.954
8.7625,POST_MARCH,RL,-179.375,177.0,-220.0,-179.173,177.009,-219.648,38.412,38.428,-56.849,-56.902
8.7833,POST_MARCH,FR,179.375,-177.0,-220.0,179.734,-177.011,-219.84,38.38,38.331,-56.798,-56.873
8.7833,POST_MARCH,FL,179.375,177.0,-220.0,179.372,176.988,-219.22,38.541,38.606,-57.052,-57.152
8.7833,POST_MARCH,RR,-179.375,-177.0,-220.0,-179.402,-177.011,-219.557,38.569,38.65,-57.096,-57.203
8.7833,POST_MARCH,RL,-179.375,177.0,-220.0,-178.987,176.989,-219.733,38.436,38.396,-56.887,-56.99
8.8042,POST_MARCH,FR,179.375,-177.0,-220.0,179.442,-176.997,-219.862,38.373,38.378,-56.788,-56.824
8.8042,POST_MARCH,FL,179.375,177.0,-220.0,179.413,177.003,-219.827,38.393,38.407,-56.819,-56.862
8.8042,POST_MARCH,RR,-179.375,-177.0,-220.0,-179.422,-176.997,-219.69,38.417,38.447,-56.857,-56.904
8.8042,POST_MARCH,RL,-179.375,177.0,-220.0,-179.288,177.003,-219.777,38.416,38.428,-56.856,-56.914
8.8208,POST_MARCH,FR,179.375,-177.0,-220.0,179.489,-177.0,-219.889,38.366,38.352,-56.781,-56.802
8.8208,POST_MARCH,FL,179.375,177.0,-220.0,179.475,177.0,-219.909,38.355,38.345,-56.774,-56.785
8.8208,POST_MARCH,RR,-179.375,-177.0,-220.0,-179.321,-177.0,-219.853,38.38,38.389,-56.798,-56.836
8.8208,POST_MARCH,RL,-179.375,177.0,-220.0,-179.263,177.0,-219.833,38.389,38.389,-56.812,-56.861
8.8417,POST_MARCH,FR,179.375,-177.0,-220.0,179.536,-177.0,-219.895,38.36,38.338,-56.778,-56.8
8.8417,POST_MARCH,FL,179.375,177.0,-220.0,179.519,177.0,-219.906,38.352,38.335,-56.772,-56.788
8.8417,POST_MARCH,RR,-179.375,-177.0,-220.0,-179.274,-177.0,-219.872,38.369,38.367,-56.782,-56.821
8.8417,POST_MARCH,RL,-179.375,177.0,-220.0,-179.216,177.0,-219.856,38.376,38.364,-56.792,-56.841
8.8625,POST_MARCH,FR,179.375,-177.0,-220.0,179.512,-177.0,-219.897,38.359,38.342,-56.778,-56.796
8.8625,POST_MARCH,FL,179.375,177.0,-220.0,179.495,177.0,-219.903,38.355,38.342,-56.775,-56.789
8.8625,POST_MARCH,RR,-179.375,-177.0,-220.0,-179.297,-177.0,-219.878,38.369,38.367,-56.781,-56.812
8.8625,POST_MARCH,RL,-179.375,177.0,-220.0,-179.239,177.0,-219.866,38.37,38.361,-56.783,-56.827
8.8833,POST_MARCH,FR,179.375,-177.0,-206.224,179.511,-177.0,-219.897,40.136,38.342,-59.77,-56.796
8.8833,POST_MARCH,FL,179.375,177.0,-220.0,179.493,177.0,-219.902,38.357,38.343,-56.775,-56.79
8.8833,POST_MARCH,RR,-179.375,-177.0,-220.0,-179.298,-177.0,-219.878,38.369,38.367,-56.781,-56.811
8.8833,POST_MARCH,RL,-179.375,177.0,-206.224,-179.241,177.0,-219.873,40.148,38.358,-59.79,-56.82
8.9042,POST_MARCH,FR,179.375,-177.0,-197.041,179.795,-176.997,-214.717,44.478,42.153,-66.72,-62.937
8.9042,POST_MARCH,FL,179.375,177.0,-220.0,179.6,177.002,-219.859,38.373,38.349,-56.787,-56.843
8.9042,POST_MARCH,RR,-179.375,-177.0,-220.0,-179.189,-176.998,-219.851,38.378,38.362,-56.795,-56.848
8.9042,POST_MARCH,RL,-179.375,177.0,-197.041,-178.959,177.003,-214.782,44.486,42.164,-66.732,-62.952
8.9208,POST_MARCH,FR,179.375,-177.0,-192.449,179.957,-176.996,-207.182,48.564,46.578,-73.016,-69.916
8.9208,POST_MARCH,FL,179.375,177.0,-220.0,179.686,177.002,-219.831,38.385,38.348,-56.807,-56.877
8.9208,POST_MARCH,RR,-179.375,-177.0,-220.0,-179.105,-176.998,-219.8,38.401,38.375,-56.832,-56.904
8.9208,POST_MARCH,RL,-179.375,177.0,-192.449,-178.797,177.003,-207.244,48.569,46.586,-73.023,-69.926
8.9417,POST_MARCH,FR,179.375,-177.0,-192.449,179.839,-176.997,-197.75,51.89,51.195,-77.855,-76.874
8.9417,POST_MARCH,FL,179.375,177.0,-220.0,179.695,177.001,-219.81,38.395,38.358,-56.822,-56.899
8.9417,POST_MARCH,RR,-179.375,-177.0,-220.0,-179.099,-176.999,-219.749,38.425,38.405,-56.87,-56.955
8.9417,POST_MARCH,RL,-179.375,177.0,-192.449,-178.914,177.002,-197.785,51.893,51.199,-77.858,-76.88
8.9625,POST_MARCH,FR,179.375,-177.0,-197.041,179.465,-176.998,-193.525,52.338,52.917,-78.32,-79.309
8.9625,POST_MARCH,FL,179.375,177.0,-220.0,179.666,177.001,-219.807,38.397,38.365,-56.825,-56.898
8.9625,POST_MARCH,RR,-179.375,-177.0,-220.0,-179.13,-176.999,-219.735,38.433,38.42,-56.882,-56.966
8.9625,POST_MARCH,RL,-179.375,177.0,-197.041,-179.288,177.002,-193.549,52.34,52.92,-78.322,-79.313
8.9833,POST_MARCH,FR,179.375,-177.0,-206.224,179.149,-176.998,-194.975,50.17,51.851,-74.918,-77.603
8.9833,POST_MARCH,FL,179.375,177.0,-220.0,179.654,177.001,-219.812,38.395,38.365,-56.822,-56.893
8.9833,POST_MARCH,RR,-179.375,-177.0,-220.0,-179.143,-176.999,-219.739,38.431,38.42,-56.879,-56.961
8.9833,POST_MARCH,RL,-179.375,177.0,-206.224,-179.604,177.002,-195.001,50.172,51.854,-74.921,-77.606
9.0042,POST_MARCH,FR,179.375,-177.0,-220.0,178.917,-176.999,-201.153,45.727,48.388,-68.056,-72.285
9.0042,POST_MARCH,FL,179.375,177.0,-220.0,179.664,177.001,-219.812,38.394,38.363,-56.821,-56.894
9.0042,POST_MARCH,RR,-179.375,-177.0,-220.0,-179.133,-177.0,-219.739,38.431,38.418,-56.879,-56.962
9.0042,POST_MARCH,RL,-179.375,177.0,-220.0,-179.836,177.001,-201.176,45.729,48.391,-68.058,-72.288
9.0208,POST_MARCH,FR,179.375,-177.0,-220.0,178.77,-177.0,-209.066,42.338,43.683,-62.948,-64.939
9.0208,POST_MARCH,FL,179.375,177.0,-220.0,179.684,177.0,-219.807,38.397,38.363,-56.825,-56.901
9.0208,POST_MARCH,RR,-179.375,-177.0,-220.0,-179.113,-177.0,-219.732,38.434,38.418,-56.884,-56.971
9.0208,POST_MARCH,RL,-179.375,177.0,-220.0,-179.984,177.0,-209.077,42.34,43.686,-62.951,-64.943
9.0417,POST_MARCH,FR,179.375,-177.0,-220.0,179.173,-176.999,-216.105,39.816,40.256,-59.051,-59.736
9.0417,POST_MARCH,FL,179.375,177.0,-220.0,179.621,177.001,-219.807,38.397,38.375,-56.826,-56.895
9.0417,POST_MARCH,RR,-179.375,-177.0,-220.0,-179.175,-176.999,-219.741,38.431,38.425,-56.878,-56.956
9.0417,POST_MARCH,RL,-179.375,177.0,-220.0,-179.581,177.001,-216.13,39.818,40.259,-59.055,-59.741
9.0625,POST_MARCH,FR,179.375,-177.0,-220.0,179.331,-176.998,-218.515,38.89,39.053,-57.602,-57.857
9.0625,POST_MARCH,FL,179.375,177.0,-220.0,179.596,177.002,-219.822,38.391,38.371,-56.815,-56.878
9.0625,POST_MARCH,RR,-179.375,-177.0,-220.0,-179.198,-176.998,-219.769,38.418,38.413,-56.858,-56.927
9.0625,POST_MARCH,RL,-179.375,177.0,-220.0,-179.422,177.002,-218.588,38.893,39.057,-57.606,-57.862
9.0833,POST_MARCH,FR,179.375,-177.0,-220.0,179.493,-177.007,-219.555,38.529,38.566,-57.033,-57.144
9.0833,POST_MARCH,FL,179.375,177.0,-220.0,179.467,176.993,-219.852,38.378,38.381,-56.796,-56.837
9.0833,POST_MARCH,RR,-179.375,-177.0,-220.0,-179.299,-177.007,-219.828,38.39,38.399,-56.815,-56.859
9.0833,POST_MARCH,RL,-179.375,177.0,-220.0,-179.386,176.993,-219.294,38.546,38.612,-57.059,-57.162
9.1042,POST_MARCH,FR,179.375,-177.0,-220.0,179.175,-177.006,-219.994,38.36,38.389,-56.744,-56.731
9.1042,POST_MARCH,FL,179.375,177.0,-220.0,179.663,176.994,-219.795,38.404,38.378,-56.837,-56.912
9.1042,POST_MARCH,RR,-179.375,-177.0,-220.0,-179.098,-177.006,-219.807,38.397,38.372,-56.826,-56.897
9.1042,POST_MARCH,RL,-179.375,177.0,-220.0,-179.334,176.994,-219.646,38.408,38.437,-56.843,-56.885
9.1208,POST_MARCH,FR,179.375,-177.0,-220.0,179.356,-176.999,-219.963,38.334,38.335,-56.719,-56.719
9.1208,POST_MARCH,FL,179.375,177.0,-220.0,179.448,177.0,-219.869,38.373,38.376,-56.787,-56.825
9.1208,POST_MARCH,RR,-179.375,-177.0,-220.0,-179.202,-177.0,-219.83,38.386,38.375,-56.808,-56.863
9.1208,POST_MARCH,RL,-179.375,177.0,-220.0,-179.195,177.0,-219.829,38.392,38.381,-56.817,-56.875
9.1417,POST_MARCH,FR,179.375,-177.0,-220.0,179.384,-177.0,-219.98,38.317,38.317,-56.703,-56.703
9.1417,POST_MARCH,FL,179.375,177.0,-220.0,179.481,177.0,-219.914,38.347,38.338,-56.767,-56.777
9.1417,POST_MARCH,RR,-179.375,-177.0,-220.0,-179.173,-177.0,-219.838,38.383,38.366,-56.804,-56.861
9.1417,POST_MARCH,RL,-179.375,177.0,-220.0,-179.17,177.0,-219.822,38.394,38.378,-56.82,-56.883
9.1625,POST_MARCH,FR,179.375,-177.0,-220.0,179.377,-177.0,-219.994,38.31,38.31,-56.689,-56.689
9.1625,POST_MARCH,FL,179.375,177.0,-220.0,179.474,177.0,-219.944,38.326,38.321,-56.742,-56.747
9.1625,POST_MARCH,RR,-179.375,-177.0,-220.0,-179.18,-177.0,-219.844,38.38,38.363,-56.799,-56.854
9.1625,POST_MARCH,RL,-179.375,177.0,-220.0,-179.182,177.0,-219.816,38.396,38.383,-56.823,-56.885
9.1833,POST_MARCH,FR,179.375,-177.0,-220.0,179.381,-177.0,-220.006,38.302,38.302,-56.677,-56.677
9.1833,POST_MARCH,FL,179.375,177.0,-206.224,179.479,177.0,-219.972,40.098,38.302,-59.711,-56.719
9.1833,POST_MARCH,RR,-179.375,-177.0,-206.224,-179.176,-177.0,-219.846,40.16,38.361,-59.809,-56.852
9.1833,POST_MARCH,RL,-179.375,177.0,-220.0,-179.181,177.0,-219.816,38.395,38.381,-56.822,-56.883
9.2042,POST_MARCH,FR,179.375,-177.0,-220.0,179.487,-177.003,-219.979,38.302,38.298,-56.71,-56.713
9.2042,POST_MARCH,FL,179.375,177.0,-197.041,179.806,176.997,-214.771,44.456,42.123,-66.685,-62.893
9.2042,POST_MARCH,RR,-179.375,-177.0,-197.041,-178.963,-177.003,-214.765,44.492,42.174,-66.742,-62.963
9.2042,POST_MARCH,RL,-179.375,177.0,-220.0,-179.074,176.998,-219.788,38.406,38.377,-56.84,-56.918
9.2208,POST_MARCH,FR,179.375,-177.0,-220.0,179.615,-177.003,-219.938,38.327,38.297,-56.743,-56.766
9.2208,POST_MARCH,FL,179.375,177.0,-192.449,179.972,176.995,-207.204,48.554,46.564,-73.001,-69.895
9.2208,POST_MARCH,RR,-179.375,-177.0,-192.449,-178.79,-177.004,-207.237,48.571,46.588,-73.026,-69.928
9.2208,POST_MARCH,RL,-179.375,177.0,-220.0,-178.947,176.998,-219.723,38.436,38.39,-56.887,-56.994
9.2417,POST_MARCH,FR,179.375,-177.0,-220.0,179.625,-177.001,-219.882,38.366,38.328,-56.781,-56.821
9.2417,POST_MARCH,FL,179.375,177.0,-192.449,179.836,176.998,-197.761,51.887,51.191,-77.851,-76.869
9.2417,POST_MARCH,RR,-179.375,-177.0,-192.449,-178.921,-177.002,-197.777,51.892,51.198,-77.857,-76.877
9.2417,POST_MARCH,RL,-179.375,177.0,-220.0,-178.935,176.999,-219.651,38.471,38.431,-56.941,-57.065
9.2625,POST_MARCH,FR,179.375,-177.0,-220.0,179.541,-177.001,-219.871,38.369,38.352,-56.781,-56.824
9.2625,POST_MARCH,FL,179.375,177.0,-197.041,179.458,176.999,-193.537,52.337,52.916,-78.319,-79.308
9.2625,POST_MARCH,RR,-179.375,-177.0,-197.041,-179.299,-177.001,-193.548,52.338,52.918,-78.32,-79.309
9.2625,POST_MARCH,RL,-179.375,177.0,-220.0,-179.015,177.0,-219.64,38.477,38.455,-56.952,-57.07
9.2833,POST_MARCH,FR,179.375,-177.0,-220.0,179.521,-177.001,-219.878,38.368,38.352,-56.781,-56.816
9.2833,POST_MARCH,FL,179.375,177.0,-206.224,179.154,176.998,-194.976,50.171,51.851,-74.919,-77.604
9.2833,POST_MARCH,RR,-179.375,-177.0,-206.224,-179.602,-177.001,-195.004,50.17,51.852,-74.919,-77.603
9.2833,POST_MARCH,RL,-179.375,177.0,-220.0,-179.031,176.999,-219.655,38.47,38.449,-56.941,-57.053
9.3042,POST_MARCH,FR,179.375,-177.0,-220.0,179.545,-177.001,-219.873,38.369,38.35,-56.781,-56.823
9.3042,POST_MARCH,FL,179.375,177.0,-220.0,178.921,176.998,-201.154,45.727,48.389,-68.056,-72.286
9.3042,POST_MARCH,RR,-179.375,-177.0,-220.0,-179.836,-177.001,-201.178,45.727,48.389,-68.056,-72.285
9.3042,POST_MARCH,RL,-179.375,177.0,-220.0,-179.003,177.0,-219.656,38.469,38.442,-56.939,-57.055
9.3208,POST_MARCH,FR,179.375,-177.0,-220.0,179.564,-177.001,-219.87,38.369,38.348,-56.781,-56.827
9.3208,POST_MARCH,FL,179.375,177.0,-220.0,178.77,176.999,-209.069,42.339,43.683,-62.948,-64.94
9.3208,POST_MARCH,RR,-179.375,-177.0,-220.0,-179.986,-177.0,-209.078,42.338,43.684,-62.948,-64.939
9.3208,POST_MARCH,RL,-179.375,177.0,-220.0,-178.981,177.0,-219.646,38.474,38.444,-56.947,-57.067
9.3417,POST_MARCH,FR,179.375,-177.0,-220.0,179.495,-177.001,-219.877,38.369,38.357,-56.781,-56.814
9.3417,POST_MARCH,FL,179.375,177.0,-220.0,179.173,176.999,-216.109,39.817,40.256,-59.052,-59.737
9.3417,POST_MARCH,RR,-179.375,-177.0,-220.0,-179.584,-177.001,-216.13,39.817,40.258,-59.052,-59.736
9.3417,POST_MARCH,RL,-179.375,177.0,-220.0,-179.048,177.0,-219.654,38.471,38.452,-56.942,-57.053
9.3625,POST_MARCH,FR,179.375,-177.0,-220.0,179.471,-177.002,-219.883,38.368,38.359,-56.781,-56.807
9.3625,POST_MARCH,FL,179.375,177.0,-220.0,179.333,176.998,-218.516,38.891,39.054,-57.603,-57.858
9.3625,POST_MARCH,RR,-179.375,-177.0,-220.0,-179.424,-177.002,-218.587,38.891,39.055,-57.603,-57.857
9.3625,POST_MARCH,RL,-179.375,177.0,-220.0,-179.069,176.998,-219.682,38.458,38.44,-56.921,-57.024
9.3833,POST_MARCH,FR,179.375,-177.0,-220.0,179.41,-176.992,-219.89,38.368,38.368,-56.781,-56.793
9.3833,POST_MARCH,FL,179.375,177.0,-220.0,179.269,177.008,-219.557,38.53,38.599,-57.034,-57.125
9.3833,POST_MARCH,RR,-179.375,-177.0,-220.0,-179.404,-176.994,-219.296,38.543,38.609,-57.056,-57.158
9.3833,POST_MARCH,RL,-179.375,177.0,-220.0,-179.197,177.006,-219.74,38.43,38.43,-56.878,-56.953
9.4042,POST_MARCH,FR,179.375,-177.0,-220.0,179.554,-176.995,-219.841,38.384,38.373,-56.805,-56.859
9.4042,POST_MARCH,FL,179.375,177.0,-220.0,179.426,177.005,-219.939,38.369,38.383,-56.781,-56.799
9.4042,POST_MARCH,RR,-179.375,-177.0,-220.0,-179.349,-176.995,-219.663,38.405,38.435,-56.838,-56.879
9.4042,POST_MARCH,RL,-179.375,177.0,-220.0,-179.054,177.005,-219.732,38.434,38.409,-56.883,-56.975
9.4208,POST_MARCH,FR,179.375,-177.0,-220.0,179.501,-177.0,-219.889,38.364,38.348,-56.781,-56.801
9.4208,POST_MARCH,FL,179.375,177.0,-220.0,179.443,177.0,-219.917,38.348,38.344,-56.767,-56.771
9.4208,POST_MARCH,RR,-179.375,-177.0,-220.0,-179.236,-177.0,-219.833,38.391,38.387,-56.815,-56.868
9.4208,POST_MARCH,RL,-179.375,177.0,-220.0,-179.145,177.0,-219.766,38.418,38.404,-56.858,-56.934
9.4417,POST_MARCH,FR,179.375,-177.0,-220.0,179.504,-177.0,-219.914,38.347,38.333,-56.766,-56.779
9.4417,POST_MARCH,FL,179.375,177.0,-220.0,179.445,177.0,-219.932,38.335,38.334,-56.755,-56.756
9.4417,POST_MARCH,RR,-179.375,-177.0,-220.0,-179.235,-177.0,-219.835,38.388,38.383,-56.812,-56.864
9.4417,POST_MARCH,RL,-179.375,177.0,-220.0,-179.142,177.0,-219.797,38.403,38.384,-56.834,-56.904
9.4625,POST_MARCH,FR,179.375,-177.0,-220.0,179.488,-177.0,-219.933,38.334,38.325,-56.751,-56.759
9.4625,POST_MARCH,FL,179.375,177.0,-220.0,179.429,177.0,-219.946,38.33,38.329,-56.74,-56.741
9.4625,POST_MARCH,RR,-179.375,-177.0,-220.0,-179.252,-177.0,-219.842,38.384,38.381,-56.805,-56.853
9.4625,POST_MARCH,RL,-179.375,177.0,-220.0,-179.157,177.0,-219.823,38.39,38.371,-56.815,-56.877
9.4833,POST_MARCH,FR,179.375,-177.0,-206.224,179.497,-177.0,-219.952,40.108,38.311,-59.727,-56.741
9.4833,POST_MARCH,FL,179.375,177.0,-220.0,179.438,177.0,-219.956,38.322,38.321,-56.731,-56.732
9.4833,POST_MARCH,RR,-179.375,-177.0,-220.0,-179.244,-177.0,-219.846,38.381,38.376,-56.801,-56.849
9.4833,POST_MARCH,RL,-179.375,177.0,-206.224,-179.148,177.0,-219.833,40.166,38.363,-59.819,-56.867
9.5042,POST_MARCH,FR,179.375,-177.0,-197.041,179.806,-176.997,-214.751,44.462,42.132,-66.695,-62.905
9.5042,POST_MARCH,FL,179.375,177.0,-220.0,179.572,177.003,-219.917,38.343,38.319,-56.763,-56.783
9.5042,POST_MARCH,RR,-179.375,-177.0,-220.0,-179.105,-176.998,-219.814,38.394,38.367,-56.821,-56.891
9.5042,POST_MARCH,RL,-179.375,177.0,-197.041,-178.96,177.003,-214.759,44.494,42.177,-66.745,-62.967
9.5208,POST_MARCH,FR,179.375,-177.0,-192.449,179.955,-176.997,-207.202,48.558,46.569,-73.006,-69.902
9.5208,POST_MARCH,FL,179.375,177.0,-220.0,179.663,177.002,-219.861,38.371,38.334,-56.784,-56.846
9.5208,POST_MARCH,RR,-179.375,-177.0,-220.0,-179.011,-176.999,-219.748,38.424,38.387,-56.869,-56.963
9.5208,POST_MARCH,RL,-179.375,177.0,-192.449,-178.803,177.002,-207.229,48.571,46.588,-73.026,-69.929
9.5417,POST_MARCH,FR,179.375,-177.0,-192.449,179.833,-176.998,-197.762,51.889,51.194,-77.853,-76.872
9.5417,POST_MARCH,FL,179.375,177.0,-220.0,179.63,177.001,-219.841,38.381,38.352,-56.8,-56.863
9.5417,POST_MARCH,RR,-179.375,-177.0,-220.0,-179.042,-177.0,-219.697,38.45,38.425,-56.909,-57.011
9.5417,POST_MARCH,RL,-179.375,177.0,-192.449,-178.919,177.001,-197.784,51.891,51.197,-77.856,-76.876
9.5625,POST_MARCH,FR,179.375,-177.0,-197.041,179.467,-176.998,-193.525,52.339,52.918,-78.321,-79.311
9.5625,POST_MARCH,FL,179.375,177.0,-220.0,179.595,177.001,-219.848,38.378,38.355,-56.795,-56.853
9.5625,POST_MARCH,RR,-179.375,-177.0,-220.0,-179.075,-177.0,-219.689,38.454,38.436,-56.916,-57.016
9.5625,POST_MARCH,RL,-179.375,177.0,-197.041,-179.285,177.001,-193.556,52.337,52.916,-78.319,-79.308
9.5833,POST_MARCH,FR,179.375,-177.0,-206.224,179.151,-176.998,-194.973,50.171,51.853,-74.92,-77.606
9.5833,POST_MARCH,FL,179.375,177.0,-220.0,179.593,177.001,-219.855,38.374,38.351,-56.79,-56.845
9.5833,POST_MARCH,RR,-179.375,-177.0,-220.0,-179.073,-177.0,-219.692,38.453,38.434,-56.913,-57.013
9.5833,POST_MARCH,RL,-179.375,177.0,-206.224,-179.601,177.001,-195.006,50.169,51.85,-74.917,-77.601
9.6042,POST_MARCH,FR,179.375,-177.0,-220.0,178.916,-176.999,-201.153,45.728,48.39,-68.058,-72.288
9.6042,POST_MARCH,FL,179.375,177.0,-220.0,179.601,177.0,-219.856,38.374,38.349,-56.788,-56.844
9.6042,POST_MARCH,RR,-179.375,-177.0,-220.0,-179.061,-177.0,-219.689,38.454,38.434,-56.915,-57.017
9.6042,POST_MARCH,RL,-179.375,177.0,-220.0,-179.836,177.0,-201.18,45.726,48.387,-68.054,-72.283
9.6208,POST_MARCH,FR,179.375,-177.0,-220.0,178.769,-177.0,-209.065,42.34,43.685,-62.95,-64.942
9.6208,POST_MARCH,FL,179.375,177.0,-220.0,179.616,177.0,-219.853,38.375,38.348,-56.791,-56.849
9.6208,POST_MARCH,RR,-179.375,-177.0,-220.0,-179.042,-177.0,-219.681,38.458,38.435,-56.922,-57.027
9.6208,POST_MARCH,RL,-179.375,177.0,-220.0,-179.983,177.0,-209.082,42.337,43.682,-62.946,-64.936
9.6417,POST_MARCH,FR,179.375,-177.0,-220.0,179.173,-176.999,-216.104,39.818,40.258,-59.054,-59.74
9.6417,POST_MARCH,FL,179.375,177.0,-220.0,179.55,177.0,-219.855,38.375,38.359,-56.79,-56.841
9.6417,POST_MARCH,RR,-179.375,-177.0,-220.0,-179.103,-177.0,-219.689,38.455,38.442,-56.916,-57.014
9.6417,POST_MARCH,RL,-179.375,177.0,-220.0,-179.58,177.0,-216.134,39.815,40.255,-59.05,-59.733
9.6625,POST_MARCH,FR,179.375,-177.0,-220.0,179.331,-176.998,-218.515,38.892,39.055,-57.605,-57.86
9.6625,POST_MARCH,FL,179.375,177.0,-220.0,179.525,177.002,-219.871,38.369,38.355,-56.781,-56.824
9.6625,POST_MARCH,RR,-179.375,-177.0,-220.0,-179.123,-176.999,-219.716,38.442,38.43,-56.897,-56.986
9.6625,POST_MARCH,RL,-179.375,177.0,-220.0,-179.421,177.001,-218.593,38.889,39.052,-57.6,-57.854
9.6833,POST_MARCH,FR,179.375,-177.0,-220.0,179.408,-177.007,-219.554,38.526,38.575,-57.028,-57.13
9.6833,POST_MARCH,FL,179.375,177.0,-220.0,179.455,176.993,-219.869,38.37,38.373,-56.783,-56.819
9.6833,POST_MARCH,RR,-179.375,-177.0,-220.0,-179.241,-177.006,-219.782,38.412,38.415,-56.848,-56.909
9.6833,POST_MARCH,RL,-179.375,177.0,-220.0,-179.386,176.994,-219.3,38.543,38.608,-57.055,-57.156
9.7042,POST_MARCH,FR,179.375,-177.0,-220.0,179.419,-177.031,-219.782,38.389,38.414,-56.813,-56.846
9.7042,POST_MARCH,FL,179.375,177.0,-220.0,179.667,176.969,-219.859,38.371,38.359,-56.784,-56.831
9.7042,POST_MARCH,RR,-179.375,-177.0,-220.0,-179.055,-176.999,-219.777,38.413,38.397,-56.85,-56.925
9.7042,POST_MARCH,RL,-179.375,177.0,-220.0,-179.289,177.001,-219.795,38.411,38.424,-56.848,-56.903
9.7208,POST_MARCH,FR,179.375,-177.0,-220.0,179.361,-177.001,-219.908,38.367,38.367,-56.774,-56.774
9.7208,POST_MARCH,FL,179.375,177.0,-220.0,179.534,176.999,-219.902,38.358,38.338,-56.777,-56.799
9.7208,POST_MARCH,RR,-179.375,-177.0,-220.0,-179.077,-177.0,-219.756,38.421,38.395,-56.863,-56.949
9.7208,POST_MARCH,RL,-179.375,177.0,-220.0,-179.242,177.0,-219.832,38.389,38.385,-56.813,-56.864
9.7417,POST_MARCH,FR,179.375,-177.0,-220.0,179.318,-177.001,-219.929,38.362,38.363,-56.75,-56.75
9.7417,POST_MARCH,FL,179.375,177.0,-220.0,179.49,176.999,-219.927,38.337,38.328,-56.757,-56.765
9.7417,POST_MARCH,RR,-179.375,-177.0,-220.0,-179.118,-177.001,-219.79,38.405,38.383,-56.839,-56.912
9.7417,POST_MARCH,RL,-179.375,177.0,-220.0,-179.288,176.999,-219.846,38.383,38.386,-56.802,-56.846
9.7625,POST_MARCH,FR,179.375,-177.0,-220.0,179.321,-177.0,-219.938,38.355,38.357,-56.741,-56.74
9.7625,POST_MARCH,FL,179.375,177.0,-220.0,179.492,177.0,-219.951,38.321,38.313,-56.735,-56.741
9.7625,POST_MARCH,RR,-179.375,-177.0,-220.0,-179.113,-177.001,-219.81,38.396,38.371,-56.824,-56.894
9.7625,POST_MARCH,RL,-179.375,177.0,-220.0,-179.286,176.999,-219.861,38.374,38.375,-56.79,-56.83
9.7833,POST_MARCH,FR,179.375,-177.0,-220.0,179.336,-177.001,-219.947,38.347,38.348,-56.733,-56.733
9.7833,POST_MARCH,FL,179.375,177.0,-206.224,179.507,177.0,-219.974,40.097,38.296,-59.709,-56.72
9.7833,POST_MARCH,RR,-179.375,-177.0,-206.224,-179.098,-177.001,-219.812,40.176,38.366,-59.835,-56.893
9.7833,POST_MARCH,RL,-179.375,177.0,-220.0,-179.272,176.999,-219.865,38.372,38.37,-56.786,-56.827
9.8042,POST_MARCH,FR,179.375,-177.0,-220.0,179.499,-177.003,-219.911,38.352,38.339,-56.772,-56.784
9.8042,POST_MARCH,FL,179.375,177.0,-197.041,179.817,176.996,-214.763,44.455,42.123,-66.684,-62.891
9.8042,POST_MARCH,RR,-179.375,-177.0,-197.041,-178.957,-177.004,-214.748,44.502,42.188,-66.756,-62.981
9.8042,POST_MARCH,RL,-179.375,177.0,-220.0,-179.108,176.997,-219.831,38.386,38.358,-56.808,-56.873
9.8208,POST_MARCH,FR,179.375,-177.0,-220.0,179.633,-177.003,-219.864,38.37,38.339,-56.783,-56.841
9.8208,POST_MARCH,FL,179.375,177.0,-192.449,179.965,176.995,-207.209,48.553,46.563,-73.0,-69.893
9.8208,POST_MARCH,RR,-179.375,-177.0,-192.449,-178.799,-177.004,-207.22,48.576,46.596,-73.034,-69.939
9.8208,POST_MARCH,RL,-179.375,177.0,-220.0,-178.974,176.998,-219.753,38.422,38.377,-56.864,-56.962
9.8417,POST_MARCH,FR,179.375,-177.0,-220.0,179.612,-177.002,-219.852,38.375,38.349,-56.791,-56.849
9.8417,POST_MARCH,FL,179.375,177.0,-192.449,179.833,176.997,-197.771,51.886,51.189,-77.849,-76.867
9.8417,POST_MARCH,RR,-179.375,-177.0,-192.449,-178.924,-177.002,-197.774,51.894,51.202,-77.86,-76.882
9.8417,POST_MARCH,RL,-179.375,177.0,-220.0,-178.997,176.999,-219.683,38.456,38.425,-56.919,-57.029
9.8625,POST_MARCH,FR,179.375,-177.0,-220.0,179.563,-177.001,-219.865,38.37,38.351,-56.783,-56.833
9.8625,POST_MARCH,FL,179.375,177.0,-197.041,179.466,176.998,-193.533,52.337,52.915,-78.319,-79.307
9.8625,POST_MARCH,RR,-179.375,-177.0,-197.041,-179.291,-177.002,-193.549,52.339,52.92,-78.322,-79.312
9.8625,POST_MARCH,RL,-179.375,177.0,-220.0,-179.046,176.999,-219.671,38.463,38.442,-56.929,-57.037
9.8833,POST_MARCH,FR,179.375,-177.0,-220.0,179.559,-177.001,-219.872,38.369,38.348,-56.781,-56.825
9.8833,POST_MARCH,FL,179.375,177.0,-206.224,179.153,176.998,-194.976,50.17,51.851,-74.918,-77.603
9.8833,POST_MARCH,RR,-179.375,-177.0,-206.224,-179.603,-177.002,-195.001,50.171,51.853,-74.92,-77.604
9.8833,POST_MARCH,RL,-179.375,177.0,-220.0,-179.046,176.999,-219.675,38.461,38.439,-56.926,-57.032
9.9042,POST_MARCH,FR,179.375,-177.0,-220.0,179.571,-177.001,-219.868,38.369,38.348,-56.781,-56.83
9.9042,POST_MARCH,FL,179.375,177.0,-220.0,178.918,176.998,-201.156,45.727,48.388,-68.056,-72.285
9.9042,POST_MARCH,RR,-179.375,-177.0,-220.0,-179.839,-177.001,-201.175,45.728,48.39,-68.057,-72.286
9.9042,POST_MARCH,RL,-179.375,177.0,-220.0,-179.03,177.0,-219.672,38.462,38.438,-56.927,-57.036
9.9208,POST_MARCH,FR,179.375,-177.0,-220.0,179.586,-177.001,-219.866,38.369,38.346,-56.781,-56.833
9.9208,POST_MARCH,FL,179.375,177.0,-220.0,178.77,176.999,-209.07,42.338,43.683,-62.948,-64.939
9.9208,POST_MARCH,RR,-179.375,-177.0,-220.0,-179.987,-177.0,-209.077,42.339,43.685,-62.949,-64.94
9.9208,POST_MARCH,RL,-179.375,177.0,-220.0,-179.012,177.0,-219.663,38.466,38.44,-56.934,-57.047
9.9417,POST_MARCH,FR,179.375,-177.0,-220.0,179.52,-177.001,-219.873,38.369,38.355,-56.781,-56.821
9.9417,POST_MARCH,FL,179.375,177.0,-220.0,179.174,176.999,-216.109,39.816,40.256,-59.051,-59.736
9.9417,POST_MARCH,RR,-179.375,-177.0,-220.0,-179.584,-177.001,-216.129,39.817,40.259,-59.053,-59.738
9.9417,POST_MARCH,RL,-179.375,177.0,-220.0,-179.075,176.999,-219.673,38.462,38.446,-56.928,-57.032
9.9625,POST_MARCH,FR,179.375,-177.0,-220.0,179.497,-177.002,-219.879,38.369,38.356,-56.781,-56.813
9.9625,POST_MARCH,FL,179.375,177.0,-220.0,179.333,176.998,-218.517,38.891,39.053,-57.602,-57.857
9.9625,POST_MARCH,RR,-179.375,-177.0,-220.0,-179.424,-177.002,-218.586,38.892,39.056,-57.604,-57.859
9.9625,POST_MARCH,RL,-179.375,177.0,-220.0,-179.094,176.998,-219.699,38.45,38.434,-56.908,-57.004
9.9833,POST_MARCH,FR,179.375,-177.0,-220.0,179.457,-176.992,-219.871,38.369,38.371,-56.781,-56.817
9.9833,POST_MARCH,FL,179.375,177.0,-220.0,179.374,177.008,-219.558,38.524,38.578,-57.025,-57.122
9.9833,POST_MARCH,RR,-179.375,-177.0,-220.0,-179.387,-176.994,-219.293,38.545,38.611,-57.058,-57.16
9.9833,POST_MARCH,RL,-179.375,177.0,-220.0,-179.225,177.006,-219.771,38.417,38.419,-56.857,-56.922
10.0042,POST_MARCH,FR,179.375,-177.0,-220.0,179.666,-176.97,-219.85,38.376,38.366,-56.792,-56.839
10.0042,POST_MARCH,FL,179.375,177.0,-220.0,179.403,177.03,-219.802,38.381,38.405,-56.8,-56.83
10.0042,POST_MARCH,RR,-179.375,-177.0,-220.0,-179.296,-177.001,-219.789,38.415,38.429,-56.854,-56.91
10.0042,POST_MARCH,RL,-179.375,177.0,-220.0,-179.044,176.999,-219.765,38.419,38.401,-56.86,-56.939
10.0208,POST_MARCH,FR,179.375,-177.0,-220.0,179.585,-177.0,-219.886,38.364,38.333,-56.781,-56.813
10.0208,POST_MARCH,FL,179.375,177.0,-220.0,179.365,177.0,-219.915,38.362,38.362,-56.768,-56.768
10.0208,POST_MARCH,RR,-179.375,-177.0,-220.0,-179.254,-177.0,-219.824,38.393,38.393,-56.82,-56.872
10.0208,POST_MARCH,RL,-179.375,177.0,-220.0,-179.06,177.0,-219.747,38.426,38.398,-56.87,-56.96
10.0417,POST_MARCH,FR,179.375,-177.0,-220.0,179.521,-177.0,-219.912,38.348,38.331,-56.767,-56.783
10.0417,POST_MARCH,FL,179.375,177.0,-220.0,179.302,177.0,-219.936,38.36,38.362,-56.742,-56.742
10.0417,POST_MARCH,RR,-179.375,-177.0,-220.0,-179.319,-177.0,-219.84,38.386,38.395,-56.807,-56.848
10.0417,POST_MARCH,RL,-179.375,177.0,-220.0,-179.122,177.0,-219.79,38.406,38.384,-56.839,-56.912
10.0625,POST_MARCH,FR,179.375,-177.0,-220.0,179.518,-177.0,-219.929,38.336,38.321,-56.753,-56.766
10.0625,POST_MARCH,FL,179.375,177.0,-220.0,179.299,177.0,-219.945,38.355,38.357,-56.733,-56.732
10.0625,POST_MARCH,RR,-179.375,-177.0,-220.0,-179.322,-177.0,-219.861,38.375,38.383,-56.791,-56.827
10.0625,POST_MARCH,RL,-179.375,177.0,-220.0,-179.123,177.0,-219.821,38.391,38.366,-56.816,-56.882
10.0833,POST_MARCH,FR,179.375,-177.0,-206.224,179.537,-177.0,-219.943,40.112,38.308,-59.733,-56.753
10.0833,POST_MARCH,FL,179.375,177.0,-220.0,179.318,177.0,-219.95,38.349,38.35,-56.729,-56.729
10.0833,POST_MARCH,RR,-179.375,-177.0,-220.0,-179.305,-177.0,-219.866,38.372,38.376,-56.786,-56.823
10.0833,POST_MARCH,RL,-179.375,177.0,-206.224,-179.104,177.0,-219.829,40.168,38.357,-59.822,-56.876
10.1042,POST_MARCH,FR,179.375,-177.0,-197.041,179.82,-176.997,-214.738,44.464,42.135,-66.698,-62.908
10.1042,POST_MARCH,FL,179.375,177.0,-220.0,179.505,177.003,-219.908,38.354,38.34,-56.774,-56.788
10.1042,POST_MARCH,RR,-179.375,-177.0,-220.0,-179.115,-176.997,-219.84,38.384,38.356,-56.805,-56.868
10.1042,POST_MARCH,RL,-179.375,177.0,-197.041,-178.946,177.003,-214.767,44.496,42.18,-66.748,-62.97
10.1208,POST_MARCH,FR,179.375,-177.0,-192.449,179.963,-176.996,-207.196,48.557,46.569,-73.006,-69.902
10.1208,POST_MARCH,FL,179.375,177.0,-220.0,179.647,177.002,-219.858,38.372,38.339,-56.787,-56.847
10.1208,POST_MARCH,RR,-179.375,-177.0,-220.0,-178.975,-176.998,-219.756,38.42,38.376,-56.862,-56.959
10.1208,POST_MARCH,RL,-179.375,177.0,-192.449,-178.796,177.004,-207.23,48.572,46.59,-73.028,-69.932
10.1417,POST_MARCH,FR,179.375,-177.0,-192.449,179.831,-176.998,-197.765,51.888,51.192,-77.851,-76.87
10.1417,POST_MARCH,FL,179.375,177.0,-220.0,179.622,177.0,-219.844,38.379,38.352,-56.797,-56.858
10.1417,POST_MARCH,RR,-179.375,-177.0,-220.0,-179.005,-177.0,-219.687,38.454,38.424,-56.916,-57.024
10.1417,POST_MARCH,RL,-179.375,177.0,-192.449,-178.922,177.002,-197.78,51.892,51.198,-77.857,-76.878
10.1625,POST_MARCH,FR,179.375,-177.0,-197.041,179.465,-176.999,-193.53,52.337,52.916,-78.319,-79.308
10.1625,POST_MARCH,FL,179.375,177.0,-220.0,179.572,177.0,-219.855,38.375,38.355,-56.79,-56.843
10.1625,POST_MARCH,RR,-179.375,-177.0,-220.0,-179.057,-177.0,-219.677,38.46,38.44,-56.925,-57.029
10.1625,POST_MARCH,RL,-179.375,177.0,-197.041,-179.288,177.001,-193.554,52.338,52.918,-78.32,-79.309
10.1833,POST_MARCH,FR,179.375,-177.0,-206.224,179.153,-176.999,-194.976,50.17,51.851,-74.918,-77.603
10.1833,POST_MARCH,FL,179.375,177.0,-220.0,179.571,177.0,-219.865,38.37,38.349,-56.782,-56.833
10.1833,POST_MARCH,RR,-179.375,-177.0,-220.0,-179.057,-177.0,-219.683,38.457,38.437,-56.92,-57.024
10.1833,POST_MARCH,RL,-179.375,177.0,-206.224,-179.6,177.001,-195.006,50.17,51.851,-74.918,-77.603
10.2042,POST_MARCH,FR,179.375,-177.0,-220.0,178.917,-176.999,-201.155,45.727,48.388,-68.056,-72.285
10.2042,POST_MARCH,FL,179.375,177.0,-220.0,179.585,177.0,-219.866,38.369,38.346,-56.782,-56.834
10.2042,POST_MARCH,RR,-179.375,-177.0,-220.0,-179.041,-177.0,-219.68,38.458,38.435,-56.922,-57.027
10.2042,POST_MARCH,RL,-179.375,177.0,-220.0,-179.836,177.001,-201.179,45.727,48.388,-68.055,-72.284
10.2208,POST_MARCH,FR,179.375,-177.0,-220.0,178.769,-177.0,-209.068,42.338,43.683,-62.948,-64.939
10.2208,POST_MARCH,FL,179.375,177.0,-220.0,179.601,177.0,-219.861,38.371,38.346,-56.785,-56.839
10.2208,POST_MARCH,RR,-179.375,-177.0,-220.0,-179.024,-177.0,-219.672,38.462,38.437,-56.928,-57.037
10.2208,POST_MARCH,RL,-179.375,177.0,-220.0,-179.984,177.0,-209.08,42.338,43.683,-62.948,-64.938
10.2417,POST_MARCH,FR,179.375,-177.0,-220.0,179.173,-177.0,-216.107,39.816,40.256,-59.051,-59.736
10.2417,POST_MARCH,FL,179.375,177.0,-220.0,179.536,177.0,-219.863,38.371,38.357,-56.785,-56.832
10.2417,POST_MARCH,RR,-179.375,-177.0,-220.0,-179.088,-177.0,-219.682,38.458,38.444,-56.922,-57.022
10.2417,POST_MARCH,RL,-179.375,177.0,-220.0,-179.58,177.0,-216.134,39.816,40.256,-59.051,-59.735
10.2625,POST_MARCH,FR,179.375,-177.0,-220.0,179.332,-176.998,-218.516,38.89,39.053,-57.602,-57.857
10.2625,POST_MARCH,FL,179.375,177.0,-220.0,179.512,177.002,-219.876,38.369,38.355,-56.781,-56.818
10.2625,POST_MARCH,RR,-179.375,-177.0,-220.0,-179.109,-176.998,-219.709,38.445,38.431,-56.902,-56.994
10.2625,POST_MARCH,RL,-179.375,177.0,-220.0,-179.421,177.002,-218.592,38.89,39.053,-57.601,-57.856
10.2833,POST_MARCH,FR,179.375,-177.0,-220.0,179.481,-177.008,-219.56,38.526,38.566,-57.028,-57.135
10.2833,POST_MARCH,FL,179.375,177.0,-220.0,179.433,176.993,-219.873,38.369,38.375,-56.781,-56.812
10.2833,POST_MARCH,RR,-179.375,-177.0,-220.0,-179.24,-177.008,-219.777,38.414,38.418,-56.852,-56.914
10.2833,POST_MARCH,RL,-179.375,177.0,-220.0,-179.387,176.992,-219.296,38.543,38.608,-57.055,-57.156
10.3042,POST_MARCH,FR,179.375,-177.0,-220.0,179.217,-177.006,-219.936,38.361,38.382,-56.743,-56.733
10.3042,POST_MARCH,FL,179.375,177.0,-220.0,179.667,176.994,-219.833,38.384,38.377,-56.806,-56.857
10.3042,POST_MARCH,RR,-179.375,-177.0,-220.0,-179.002,-177.001,-219.797,38.399,38.394,-56.828,-56.886
10.3042,POST_MARCH,RL,-179.375,177.0,-220.0,-179.29,176.999,-219.778,38.417,38.432,-56.857,-56.915
10.3208,POST_MARCH,FR,179.375,-177.0,-220.0,179.342,-177.0,-219.972,38.332,38.333,-56.71,-56.71
10.3208,POST_MARCH,FL,179.375,177.0,-220.0,179.483,177.0,-219.885,38.367,38.355,-56.781,-56.804
10.3208,POST_MARCH,RR,-179.375,-177.0,-220.0,-179.196,-177.0,-219.831,38.387,38.375,-56.81,-56.866
10.3208,POST_MARCH,RL,-179.375,177.0,-220.0,-179.165,177.0,-219.801,38.403,38.39,-56.835,-56.902
10.3417,POST_MARCH,FR,179.375,-177.0,-220.0,179.353,-177.0,-219.99,38.318,38.319,-56.693,-56.692
10.3417,POST_MARCH,FL,179.375,177.0,-220.0,179.496,177.0,-219.919,38.342,38.331,-56.763,-56.773
10.3417,POST_MARCH,RR,-179.375,-177.0,-220.0,-179.183,-177.001,-219.842,38.381,38.365,-56.8,-56.856
10.3417,POST_MARCH,RL,-179.375,177.0,-220.0,-179.157,176.999,-219.797,38.404,38.389,-56.837,-56.905
10.3625,POST_MARCH,FR,179.375,-177.0,-220.0,179.336,-177.0,-220.008,38.31,38.31,-56.673,-56.673
10.3625,POST_MARCH,FL,179.375,177.0,-220.0,179.48,177.0,-219.944,38.326,38.32,-56.743,-56.748
10.3625,POST_MARCH,RR,-179.375,-177.0,-220.0,-179.199,-177.0,-219.851,38.377,38.362,-56.794,-56.846
10.3625,POST_MARCH,RL,-179.375,177.0,-220.0,-179.176,177.0,-219.801,38.401,38.389,-56.832,-56.897
10.3833,POST_MARCH,FR,179.375,-177.0,-220.0,179.343,-177.0,-220.023,38.299,38.3,-56.659,-56.658
10.3833,POST_MARCH,FL,179.375,177.0,-206.224,179.487,177.0,-219.967,40.1,38.304,-59.715,-56.725
10.3833,POST_MARCH,RR,-179.375,-177.0,-206.224,-179.192,-177.0,-219.854,40.157,38.359,-59.804,-56.843
10.3833,POST_MARCH,RL,-179.375,177.0,-220.0,-179.171,177.0,-219.808,38.398,38.384,-56.827,-56.89
10.4042,POST_MARCH,FR,179.375,-177.0,-220.0,179.449,-177.003,-219.999,38.296,38.294,-56.691,-56.692
10.4042,POST_MARCH,FL,179.375,177.0,-197.041,179.805,176.997,-214.768,44.457,42.125,-66.688,-62.896
10.4042,POST_MARCH,RR,-179.375,-177.0,-197.041,-178.961,-177.003,-214.772,44.49,42.17,-66.738,-62.959
10.4042,POST_MARCH,RL,-179.375,177.0,-220.0,-179.065,176.997,-219.782,38.409,38.379,-56.845,-56.926
10.4208,POST_MARCH,FR,179.375,-177.0,-220.0,179.587,-177.003,-219.961,38.312,38.288,-56.723,-56.74
10.4208,POST_MARCH,FL,179.375,177.0,-192.449,179.977,176.995,-207.199,48.555,46.566,-73.003,-69.897
10.4208,POST_MARCH,RR,-179.375,-177.0,-192.449,-178.785,-177.004,-207.244,48.57,46.586,-73.024,-69.926
10.4208,POST_MARCH,RL,-179.375,177.0,-220.0,-178.929,176.997,-219.716,38.439,38.391,-56.892,-57.002
10.4417,POST_MARCH,FR,179.375,-177.0,-220.0,179.618,-177.001,-219.911,38.345,38.312,-56.765,-56.792
10.4417,POST_MARCH,FL,179.375,177.0,-192.449,179.84,176.997,-197.756,51.888,51.192,-77.852,-76.87
10.4417,POST_MARCH,RR,-179.375,-177.0,-192.449,-178.917,-177.002,-197.781,51.891,51.197,-77.855,-76.875
10.4417,POST_MARCH,RL,-179.375,177.0,-220.0,-178.899,176.999,-219.637,38.477,38.432,-56.951,-57.082
10.4625,POST_MARCH,FR,179.375,-177.0,-220.0,179.543,-177.001,-219.879,38.368,38.347,-56.781,-56.817
10.4625,POST_MARCH,FL,179.375,177.0,-197.041,179.456,176.999,-193.532,52.338,52.917,-78.32,-79.309
10.4625,POST_MARCH,RR,-179.375,-177.0,-197.041,-179.3,-177.0,-193.546,52.337,52.917,-78.319,-79.307
10.4625,POST_MARCH,RL,-179.375,177.0,-220.0,-178.97,177.0,-219.617,38.488,38.459,-56.968,-57.096
10.4833,POST_MARCH,FR,179.375,-177.0,-220.0,179.496,-177.001,-219.88,38.368,38.356,-56.781,-56.812
10.4833,POST_MARCH,FL,179.375,177.0,-206.224,179.149,176.999,-194.979,50.171,51.852,-74.919,-77.605
10.4833,POST_MARCH,RR,-179.375,-177.0,-206.224,-179.607,-177.001,-195.005,50.17,51.851,-74.918,-77.602
10.4833,POST_MARCH,RL,-179.375,177.0,-220.0,-179.012,177.0,-219.634,38.48,38.458,-56.957,-57.076
10.5042,POST_MARCH,FR,179.375,-177.0,-220.0,179.517,-177.001,-219.878,38.369,38.353,-56.781,-56.815
10.5042,POST_MARCH,FL,179.375,177.0,-220.0,178.922,176.998,-201.152,45.728,48.389,-68.057,-72.287
10.5042,POST_MARCH,RR,-179.375,-177.0,-220.0,-179.834,-177.001,-201.181,45.727,48.389,-68.055,-72.284
10.5042,POST_MARCH,RL,-179.375,177.0,-220.0,-178.987,176.999,-219.641,38.476,38.448,-56.951,-57.071
10.5208,POST_MARCH,FR,179.375,-177.0,-220.0,179.544,-177.001,-219.874,38.369,38.35,-56.781,-56.822
10.5208,POST_MARCH,FL,179.375,177.0,-220.0,178.772,176.999,-209.067,42.339,43.684,-62.949,-64.941
10.5208,POST_MARCH,RR,-179.375,-177.0,-220.0,-179.984,-177.0,-209.08,42.338,43.683,-62.947,-64.937
10.5208,POST_MARCH,RL,-179.375,177.0,-220.0,-178.958,177.0,-219.632,38.48,38.448,-56.957,-57.082
10.5417,POST_MARCH,FR,179.375,-177.0,-220.0,179.476,-177.001,-219.881,38.368,38.359,-56.781,-56.81
10.5417,POST_MARCH,FL,179.375,177.0,-220.0,179.173,176.999,-216.107,39.817,40.257,-59.053,-59.738
10.5417,POST_MARCH,RR,-179.375,-177.0,-220.0,-179.584,-177.001,-216.131,39.816,40.257,-59.051,-59.735
10.5417,POST_MARCH,RL,-179.375,177.0,-220.0,-179.024,177.0,-219.639,38.478,38.456,-56.953,-57.07
10.5625,POST_MARCH,FR,179.375,-177.0,-220.0,179.45,-177.002,-219.887,38.368,38.361,-56.781,-56.801
10.5625,POST_MARCH,FL,179.375,177.0,-220.0,179.333,176.998,-218.515,38.892,39.054,-57.604,-57.859
10.5625,POST_MARCH,RR,-179.375,-177.0,-220.0,-179.424,-177.002,-218.589,38.89,39.054,-57.602,-57.856
10.5625,POST_MARCH,RL,-179.375,177.0,-220.0,-179.047,176.998,-219.667,38.465,38.444,-56.932,-57.041
10.5833,POST_MARCH,FR,179.375,-177.0,-220.0,179.457,-176.992,-219.877,38.369,38.367,-56.781,-56.811
10.5833,POST_MARCH,FL,179.375,177.0,-220.0,179.344,177.008,-219.565,38.52,38.576,-57.018,-57.111
10.5833,POST_MARCH,RR,-179.375,-177.0,-220.0,-179.386,-176.994,-219.294,38.543,38.609,-57.056,-57.157
10.5833,POST_MARCH,RL,-179.375,177.0,-220.0,-179.195,177.006,-219.743,38.43,38.43,-56.878,-56.952
10.6042,POST_MARCH,FR,179.375,-177.0,-220.0,179.654,-176.966,-219.858,38.372,38.365,-56.787,-56.831
10.6042,POST_MARCH,FL,179.375,177.0,-220.0,179.427,177.034,-219.805,38.38,38.401,-56.798,-56.829
10.6042,POST_MARCH,RR,-179.375,-177.0,-220.0,-179.294,-177.001,-219.795,38.414,38.428,-56.852,-56.907
10.6042,POST_MARCH,RL,-179.375,177.0,-220.0,-179.029,176.999,-219.745,38.428,38.412,-56.875,-56.958
10.6208,POST_MARCH,FR,179.375,-177.0,-220.0,179.573,-177.0,-219.891,38.361,38.332,-56.779,-56.807
10.6208,POST_MARCH,FL,179.375,177.0,-220.0,179.364,177.0,-219.914,38.362,38.363,-56.768,-56.768
10.6208,POST_MARCH,RR,-179.375,-177.0,-220.0,-179.249,-177.0,-219.827,38.393,38.392,-56.819,-56.872
10.6208,POST_MARCH,RL,-179.375,177.0,-220.0,-179.057,177.0,-219.736,38.431,38.404,-56.879,-56.972
10.6417,STAND,FR,179.375,-177.0,-220.0,179.474,-177.0,-219.917,38.345,38.337,-56.765,-56.773
10.6417,STAND,FL,179.375,177.0,-220.0,179.265,177.0,-219.94,38.357,38.365,-56.736,-56.732
10.6417,STAND,RR,-179.375,-177.0,-220.0,-179.348,-177.0,-219.859,38.378,38.39,-56.795,-56.829
10.6417,STAND,RL,-179.375,177.0,-220.0,-179.217,177.0,-219.8,38.403,38.398,-56.835,-56.896
10.6625,STAND,FR,179.375,-177.0,-220.0,179.479,-177.0,-219.931,38.335,38.328,-56.754,-56.76
10.6625,STAND,FL,179.375,177.0,-220.0,179.272,177.0,-219.965,38.346,38.35,-56.711,-56.709
10.6625,STAND,RR,-179.375,-177.0,-220.0,-179.34,-177.0,-219.891,38.369,38.369,-56.781,-56.797
10.6625,STAND,RL,-179.375,177.0,-220.0,-179.205,177.0,-219.858,38.374,38.36,-56.789,-56.838
10.6833,STAND,FR,179.375,-177.0,-220.0,179.493,-177.0,-219.941,38.327,38.319,-56.745,-56.751
10.6833,STAND,FL,179.375,177.0,-220.0,179.287,177.0,-219.979,38.336,38.338,-56.697,-56.696
10.6833,STAND,RR,-179.375,-177.0,-220.0,-179.33,-177.0,-219.883,38.369,38.371,-56.781,-56.804
10.6833,STAND,RL,-179.375,177.0,-220.0,-179.191,177.0,-219.871,38.369,38.349,-56.781,-56.827
10.7042,STAND,FR,179.375,-177.0,-220.0,179.49,-177.0,-219.957,38.316,38.309,-56.73,-56.735
10.7042,STAND,FL,179.375,177.0,-220.0,179.285,177.0,-219.987,38.331,38.333,-56.689,-56.688
10.7042,STAND,RR,-179.375,-177.0,-220.0,-179.335,-177.0,-219.883,38.369,38.372,-56.781,-56.803
10.7042,STAND,RL,-179.375,177.0,-220.0,-179.194,177.0,-219.872,38.369,38.349,-56.781,-56.825
10.7208,STAND,FR,179.375,-177.0,-220.0,179.496,-177.0,-219.971,38.307,38.3,-56.718,-56.722
10.7208,STAND,FL,179.375,177.0,-220.0,179.29,177.0,-219.993,38.327,38.329,-56.683,-56.682
10.7208,STAND,RR,-179.375,-177.0,-220.0,-179.333,-177.0,-219.884,38.369,38.371,-56.781,-56.803
10.7208,STAND,RL,-179.375,177.0,-220.0,-179.19,177.0,-219.871,38.369,38.349,-56.781,-56.826
10.7417,STAND,FR,179.375,-177.0,-220.0,179.5,-177.0,-219.985,38.297,38.29,-56.703,-56.708
10.7417,STAND,FL,179.375,177.0,-220.0,179.294,177.0,-220.002,38.32,38.322,-56.675,-56.674
10.7417,STAND,RR,-179.375,-177.0,-220.0,-179.332,-177.0,-219.883,38.369,38.371,-56.781,-56.803
10.7417,STAND,RL,-179.375,177.0,-220.0,-179.188,177.0,-219.87,38.369,38.348,-56.781,-56.827
10.7625,STAND,FR,179.375,-177.0,-220.0,179.501,-177.0,-219.999,38.289,38.281,-56.69,-56.695
10.7625,STAND,FL,179.375,177.0,-220.0,179.296,177.0,-220.012,38.314,38.316,-56.665,-56.664
10.7625,STAND,RR,-179.375,-177.0,-220.0,-179.334,-177.0,-219.883,38.369,38.371,-56.781,-56.802
10.7625,STAND,RL,-179.375,177.0,-220.0,-179.188,177.0,-219.87,38.369,38.348,-56.781,-56.827
10.7833,STAND,FR,179.375,-177.0,-220.0,179.503,-177.0,-220.011,38.283,38.273,-56.677,-56.683
10.7833,STAND,FL,179.375,177.0,-220.0,179.298,177.0,-220.022,38.308,38.309,-56.656,-56.655
10.7833,STAND,RR,-179.375,-177.0,-220.0,-179.335,-177.0,-219.883,38.369,38.371,-56.781,-56.802
10.7833,STAND,RL,-179.375,177.0,-220.0,-179.187,177.0,-219.87,38.369,38.348,-56.781,-56.828
10.8042,STAND,FR,179.375,-177.0,-220.0,179.501,-177.0,-220.02,38.278,38.268,-56.668,-56.674
10.8042,STAND,FL,179.375,177.0,-220.0,179.297,177.0,-220.031,38.302,38.304,-56.647,-56.646
10.8042,STAND,RR,-179.375,-177.0,-220.0,-179.34,-177.0,-219.884,38.369,38.372,-56.781,-56.801
10.8042,STAND,RL,-179.375,177.0,-220.0,-179.19,177.0,-219.871,38.369,38.349,-56.781,-56.827
10.8208,STAND,FR,179.375,-177.0,-220.0,179.501,-177.0,-220.026,38.274,38.264,-56.662,-56.668
10.8208,STAND,FL,179.375,177.0,-220.0,179.298,177.0,-220.037,38.298,38.3,-56.64,-56.639
10.8208,STAND,RR,-179.375,-177.0,-220.0,-179.342,-177.0,-219.884,38.369,38.372,-56.781,-56.801
10.8208,STAND,RL,-179.375,177.0,-220.0,-179.19,177.0,-219.871,38.369,38.348,-56.781,-56.826
10.8417,STAND,FR,179.375,-177.0,-220.0,179.502,-177.0,-220.033,38.27,38.26,-56.656,-56.661
10.8417,STAND,FL,179.375,177.0,-220.0,179.3,177.0,-220.045,38.293,38.295,-56.633,-56.632
10.8417,STAND,RR,-179.375,-177.0,-220.0,-179.343,-177.0,-219.884,38.369,38.372,-56.781,-56.8
10.8417,STAND,RL,-179.375,177.0,-220.0,-179.19,177.0,-219.871,38.369,38.348,-56.781,-56.827
10.8625,STAND,FR,179.375,-177.0,-220.0,179.504,-177.0,-220.04,38.265,38.255,-56.649,-56.654
10.8625,STAND,FL,179.375,177.0,-220.0,179.302,177.0,-220.052,38.288,38.29,-56.626,-56.625
10.8625,STAND,RR,-179.375,-177.0,-220.0,-179.345,-177.0,-219.884,38.369,38.372,-56.781,-56.8
10.8625,STAND,RL,-179.375,177.0,-220.0,-179.189,177.0,-219.871,38.369,38.348,-56.781,-56.827
10.8833,STAND,FR,179.375,-177.0,-220.0,179.505,-177.0,-220.046,38.264,38.252,-56.643,-56.649
10.8833,STAND,FL,179.375,177.0,-220.0,179.304,177.0,-220.058,38.284,38.285,-56.62,-56.619
10.8833,STAND,RR,-179.375,-177.0,-220.0,-179.347,-177.0,-219.884,38.369,38.373,-56.781,-56.8
10.8833,STAND,RL,-179.375,177.0,-220.0,-179.189,177.0,-219.871,38.369,38.348,-56.781,-56.827
10.9042,STAND,FR,179.375,-177.0,-220.0,179.502,-177.0,-220.049,38.262,38.25,-56.64,-56.646
10.9042,STAND,FL,179.375,177.0,-220.0,179.302,177.0,-220.064,38.281,38.282,-56.614,-56.613
10.9042,STAND,RR,-179.375,-177.0,-220.0,-179.352,-177.0,-219.884,38.369,38.374,-56.781,-56.799
10.9042,STAND,RL,-179.375,177.0,-220.0,-179.191,177.0,-219.872,38.369,38.348,-56.781,-56.826
10.9208,STAND,FR,179.375,-177.0,-220.0,179.502,-177.0,-220.051,38.261,38.249,-56.638,-56.643
10.9208,STAND,FL,179.375,177.0,-220.0,179.304,177.0,-220.067,38.278,38.28,-56.611,-56.61
10.9208,STAND,RR,-179.375,-177.0,-220.0,-179.353,-177.0,-219.884,38.369,38.374,-56.781,-56.799
10.9208,STAND,RL,-179.375,177.0,-220.0,-179.19,177.0,-219.872,38.369,38.348,-56.781,-56.826
10.9417,STAND,FR,179.375,-177.0,-220.0,179.504,-177.0,-220.054,38.259,38.247,-56.635,-56.641
10.9417,STAND,FL,179.375,177.0,-220.0,179.306,177.0,-220.071,38.275,38.277,-56.607,-56.606
10.9417,STAND,RR,-179.375,-177.0,-220.0,-179.354,-177.0,-219.885,38.369,38.374,-56.781,-56.799
10.9417,STAND,RL,-179.375,177.0,-220.0,-179.189,177.0,-219.872,38.369,38.348,-56.781,-56.826
10.9625,STAND,FR,179.375,-177.0,-220.0,179.505,-177.0,-220.056,38.257,38.245,-56.633,-56.638
10.9625,STAND,FL,179.375,177.0,-220.0,179.309,177.0,-220.075,38.271,38.274,-56.605,-56.602
10.9625,STAND,RR,-179.375,-177.0,-220.0,-179.355,-177.0,-219.885,38.369,38.374,-56.781,-56.798
10.9625,STAND,RL,-179.375,177.0,-220.0,-179.188,177.0,-219.872,38.369,38.348,-56.781,-56.826
10.9833,STAND,FR,179.375,-177.0,-220.0,179.508,-177.0,-220.058,38.257,38.243,-56.63,-56.637
10.9833,STAND,FL,179.375,177.0,-220.0,179.313,177.0,-220.079,38.268,38.27,-56.601,-56.598
10.9833,STAND,RR,-179.375,-177.0,-220.0,-179.354,-177.0,-219.884,38.369,38.374,-56.781,-56.799
10.9833,STAND,RL,-179.375,177.0,-220.0,-179.184,177.0,-219.871,38.369,38.347,-56.781,-56.827
11.0042,STAND,FR,179.375,-177.0,-220.0,179.506,-177.0,-220.06,38.257,38.243,-56.629,-56.635
11.0042,STAND,FL,179.375,177.0,-220.0,179.313,177.0,-220.083,38.266,38.268,-56.597,-56.595
11.0042,STAND,RR,-179.375,-177.0,-220.0,-179.357,-177.0,-219.884,38.369,38.375,-56.781,-56.799
11.0042,STAND,RL,-179.375,177.0,-220.0,-179.185,177.0,-219.872,38.369,38.347,-56.781,-56.826
11.0208,STAND,FR,179.375,-177.0,-220.0,179.506,-177.0,-220.06,38.257,38.243,-56.629,-56.635
11.0208,STAND,FL,179.375,177.0,-220.0,179.314,177.0,-220.085,38.263,38.266,-56.596,-56.592
11.0208,STAND,RR,-179.375,-177.0,-220.0,-179.359,-177.0,-219.884,38.369,38.375,-56.781,-56.798
11.0208,STAND,RL,-179.375,177.0,-220.0,-179.185,177.0,-219.872,38.369,38.347,-56.781,-56.826
11.0417,STAND,FR,179.375,-177.0,-220.0,179.508,-177.0,-220.06,38.257,38.242,-56.629,-56.635
11.0417,STAND,FL,179.375,177.0,-220.0,179.317,177.0,-220.088,38.261,38.264,-56.594,-56.59
11.0417,STAND,RR,-179.375,-177.0,-220.0,-179.359,-177.0,-219.884,38.369,38.375,-56.781,-56.799
11.0417,STAND,RL,-179.375,177.0,-220.0,-179.183,177.0,-219.872,38.369,38.346,-56.781,-56.826
11.0625,STAND,FR,179.375,-177.0,-220.0,179.508,-177.0,-220.06,38.257,38.242,-56.629,-56.635
11.0625,STAND,FL,179.375,177.0,-220.0,179.318,177.0,-220.09,38.26,38.263,-56.592,-56.589
11.0625,STAND,RR,-179.375,-177.0,-220.0,-179.36,-177.0,-219.884,38.369,38.375,-56.781,-56.798
11.0625,STAND,RL,-179.375,177.0,-220.0,-179.182,177.0,-219.872,38.369,38.346,-56.781,-56.826
11.0833,STAND,FR,179.375,-177.0,-220.0,179.508,-177.0,-220.06,38.256,38.242,-56.629,-56.635
11.0833,STAND,FL,179.375,177.0,-220.0,179.32,177.0,-220.091,38.259,38.261,-56.591,-56.587
11.0833,STAND,RR,-179.375,-177.0,-220.0,-179.362,-177.0,-219.884,38.369,38.376,-56.781,-56.798
11.0833,STAND,RL,-179.375,177.0,-220.0,-179.181,177.0,-219.872,38.369,38.346,-56.781,-56.826
11.1042,STAND,FR,179.375,-177.0,-220.0,179.509,-177.0,-220.06,38.256,38.242,-56.629,-56.635
11.1042,STAND,FL,179.375,177.0,-220.0,179.322,177.0,-220.093,38.257,38.26,-56.59,-56.586
11.1042,STAND,RR,-179.375,-177.0,-220.0,-179.363,-177.0,-219.885,38.369,38.376,-56.781,-56.798
11.1042,STAND,RL,-179.375,177.0,-220.0,-179.179,177.0,-219.872,38.369,38.346,-56.781,-56.827
11.1208,STAND,FR,179.375,-177.0,-220.0,179.511,-177.0,-220.059,38.256,38.242,-56.629,-56.636
11.1208,STAND,FL,179.375,177.0,-220.0,179.324,177.0,-220.093,38.256,38.259,-56.59,-56.586
11.1208,STAND,RR,-179.375,-177.0,-220.0,-179.363,-177.0,-219.884,38.369,38.376,-56.781,-56.798
11.1208,STAND,RL,-179.375,177.0,-220.0,-179.178,177.0,-219.871,38.369,38.346,-56.781,-56.827
11.1417,STAND,FR,179.375,-177.0,-220.0,179.511,-177.0,-220.059,38.256,38.242,-56.629,-56.636
11.1417,STAND,FL,179.375,177.0,-220.0,179.326,177.0,-220.094,38.256,38.258,-56.589,-56.585
11.1417,STAND,RR,-179.375,-177.0,-220.0,-179.365,-177.0,-219.885,38.369,38.376,-56.781,-56.798
11.1417,STAND,RL,-179.375,177.0,-220.0,-179.177,177.0,-219.871,38.369,38.346,-56.781,-56.827
11.1625,STAND,FR,179.375,-177.0,-220.0,179.511,-177.0,-220.059,38.256,38.242,-56.629,-56.636
11.1625,STAND,FL,179.375,177.0,-220.0,179.327,177.0,-220.095,38.255,38.258,-56.589,-56.585
11.1625,STAND,RR,-179.375,-177.0,-220.0,-179.367,-177.0,-219.885,38.369,38.376,-56.781,-56.797
11.1625,STAND,RL,-179.375,177.0,-220.0,-179.176,177.0,-219.871,38.369,38.345,-56.781,-56.827
11.1833,STAND,FR,179.375,-177.0,-220.0,179.511,-177.0,-220.059,38.257,38.242,-56.63,-56.636
11.1833,STAND,FL,179.375,177.0,-220.0,179.328,177.0,-220.095,38.255,38.258,-56.589,-56.585
11.1833,STAND,RR,-179.375,-177.0,-220.0,-179.368,-177.0,-219.885,38.369,38.376,-56.781,-56.797
11.1833,STAND,RL,-179.375,177.0,-220.0,-179.175,177.0,-219.871,38.369,38.345,-56.781,-56.828
11.2042,STAND,FR,179.375,-177.0,-220.0,179.51,-177.0,-220.059,38.257,38.242,-56.63,-56.636
11.2042,STAND,FL,179.375,177.0,-220.0,179.329,177.0,-220.095,38.255,38.258,-56.588,-56.585
11.2042,STAND,RR,-179.375,-177.0,-220.0,-179.371,-177.0,-219.886,38.369,38.377,-56.781,-56.796
11.2042,STAND,RL,-179.375,177.0,-220.0,-179.175,177.0,-219.871,38.369,38.345,-56.781,-56.828
11.2208,STAND,FR,179.375,-177.0,-220.0,179.51,-177.0,-220.059,38.257,38.243,-56.63,-56.636
11.2208,STAND,FL,179.375,177.0,-220.0,179.329,177.0,-220.095,38.256,38.258,-56.588,-56.585
11.2208,STAND,RR,-179.375,-177.0,-220.0,-179.373,-177.0,-219.886,38.369,38.377,-56.781,-56.795
11.2208,STAND,RL,-179.375,177.0,-220.0,-179.175,177.0,-219.871,38.369,38.345,-56.781,-56.828
11.2417,STAND,FR,179.375,-177.0,-220.0,179.511,-177.0,-220.058,38.257,38.243,-56.63,-56.637
11.2417,STAND,FL,179.375,177.0,-220.0,179.331,177.0,-220.094,38.256,38.258,-56.589,-56.586
11.2417,STAND,RR,-179.375,-177.0,-220.0,-179.375,-177.0,-219.886,38.369,38.377,-56.781,-56.795
11.2417,STAND,RL,-179.375,177.0,-220.0,-179.174,177.0,-219.87,38.369,38.345,-56.781,-56.828
11.2625,STAND,FR,179.375,-177.0,-220.0,179.511,-177.0,-220.058,38.257,38.243,-56.631,-56.638
11.2625,STAND,FL,179.375,177.0,-220.0,179.333,177.0,-220.094,38.256,38.258,-56.589,-56.587
11.2625,STAND,RR,-179.375,-177.0,-220.0,-179.377,-177.0,-219.887,38.369,38.377,-56.781,-56.794
11.2625,STAND,RL,-179.375,177.0,-220.0,-179.173,177.0,-219.87,38.369,38.345,-56.781,-56.829
11.2833,STAND,FR,179.375,-177.0,-220.0,179.51,-177.0,-220.057,38.258,38.244,-56.631,-56.638
11.2833,STAND,FL,179.375,177.0,-220.0,179.332,177.0,-220.093,38.257,38.258,-56.589,-56.587
11.2833,STAND,RR,-179.375,-177.0,-220.0,-179.381,-177.0,-219.888,38.369,38.378,-56.781,-56.793
11.2833,STAND,RL,-179.375,177.0,-220.0,-179.173,177.0,-219.87,38.369,38.345,-56.781,-56.829
11.3042,STAND,FR,179.375,-177.0,-220.0,179.511,-177.0,-220.056,38.258,38.244,-56.632,-56.639
11.3042,STAND,FL,179.375,177.0,-220.0,179.334,177.0,-220.092,38.257,38.258,-56.59,-56.588
11.3042,STAND,RR,-179.375,-177.0,-220.0,-179.383,-177.0,-219.888,38.369,38.378,-56.781,-56.793
11.3042,STAND,RL,-179.375,177.0,-220.0,-179.171,177.0,-219.87,38.369,38.345,-56.781,-56.829
11.3208,STAND,FR,179.375,-177.0,-220.0,179.511,-177.0,-220.056,38.258,38.244,-56.632,-56.639
11.3208,STAND,FL,179.375,177.0,-220.0,179.335,177.0,-220.091,38.258,38.259,-56.59,-56.589
11.3208,STAND,RR,-179.375,-177.0,-220.0,-179.386,-177.0,-219.888,38.369,38.378,-56.781,-56.792
11.3208,STAND,RL,-179.375,177.0,-220.0,-179.171,177.0,-219.87,38.369,38.345,-56.781,-56.829
11.3417,STAND,FR,179.375,-177.0,-220.0,179.511,-177.0,-220.056,38.258,38.244,-56.632,-56.639
11.3417,STAND,FL,179.375,177.0,-220.0,179.337,177.0,-220.09,38.258,38.259,-56.592,-56.591
11.3417,STAND,RR,-179.375,-177.0,-220.0,-179.389,-177.0,-219.889,38.369,38.378,-56.781,-56.791
11.3417,STAND,RL,-179.375,177.0,-220.0,-179.17,177.0,-219.869,38.369,38.345,-56.781,-56.83
11.3625,STAND,FR,179.375,-177.0,-220.0,179.512,-177.0,-220.055,38.259,38.244,-56.633,-56.64
11.3625,STAND,FL,179.375,177.0,-220.0,179.339,177.0,-220.089,38.259,38.259,-56.593,-56.592
11.3625,STAND,RR,-179.375,-177.0,-220.0,-179.391,-177.0,-219.889,38.369,38.379,-56.781,-56.791
11.3625,STAND,RL,-179.375,177.0,-220.0,-179.168,177.0,-219.869,38.369,38.345,-56.781,-56.83
11.3833,STAND,FR,179.375,-177.0,-220.0,179.512,-177.0,-220.054,38.258,38.245,-56.635,-56.641
11.3833,STAND,FL,179.375,177.0,-220.0,179.34,177.0,-220.088,38.259,38.259,-56.594,-56.593
11.3833,STAND,RR,-179.375,-177.0,-220.0,-179.394,-177.0,-219.89,38.369,38.379,-56.78,-56.79
11.3833,STAND,RL,-179.375,177.0,-220.0,-179.166,177.0,-219.869,38.369,38.345,-56.781,-56.831
11.4042,STAND,FR,179.375,-177.0,-220.0,179.514,-177.0,-220.054,38.26,38.245,-56.635,-56.642
11.4042,STAND,FL,179.375,177.0,-220.0,179.343,177.0,-220.087,38.259,38.26,-56.595,-56.594
11.4042,STAND,RR,-179.375,-177.0,-220.0,-179.396,-177.0,-219.89,38.369,38.379,-56.78,-56.789
11.4042,STAND,RL,-179.375,177.0,-220.0,-179.164,177.0,-219.868,38.369,38.345,-56.781,-56.831
11.4208,STAND,FR,179.375,-177.0,-220.0,179.514,-177.0,-220.052,38.259,38.246,-56.637,-56.643
11.4208,STAND,FL,179.375,177.0,-220.0,179.345,177.0,-220.086,38.259,38.26,-56.596,-56.595
11.4208,STAND,RR,-179.375,-177.0,-220.0,-179.399,-177.0,-219.89,38.369,38.379,-56.781,-56.789
11.4208,STAND,RL,-179.375,177.0,-220.0,-179.163,177.0,-219.868,38.369,38.345,-56.781,-56.832
11.4417,STAND,FR,179.375,-177.0,-220.0,179.515,-177.0,-220.051,38.259,38.246,-56.638,-56.644
11.4417,STAND,FL,179.375,177.0,-220.0,179.347,177.0,-220.085,38.259,38.26,-56.597,-56.596
11.4417,STAND,RR,-179.375,-177.0,-220.0,-179.401,-177.0,-219.891,38.369,38.38,-56.78,-56.788
11.4417,STAND,RL,-179.375,177.0,-220.0,-179.161,177.0,-219.868,38.369,38.344,-56.781,-56.832
11.4625,STAND,FR,179.375,-177.0,-220.0,179.517,-177.0,-220.05,38.261,38.246,-56.638,-56.645
11.4625,STAND,FL,179.375,177.0,-220.0,179.349,177.0,-220.084,38.259,38.26,-56.598,-56.597
11.4625,STAND,RR,-179.375,-177.0,-220.0,-179.404,-177.0,-219.891,38.369,38.38,-56.78,-56.787
11.4625,STAND,RL,-179.375,177.0,-220.0,-179.158,177.0,-219.868,38.369,38.344,-56.781,-56.833
11.4833,STAND,FR,179.375,-177.0,-220.0,179.518,-177.0,-220.049,38.26,38.247,-56.64,-56.647
11.4833,STAND,FL,179.375,177.0,-220.0,179.352,177.0,-220.084,38.259,38.26,-56.599,-56.598
11.4833,STAND,RR,-179.375,-177.0,-220.0,-179.407,-177.0,-219.892,38.369,38.38,-56.78,-56.787
11.4833,STAND,RL,-179.375,177.0,-220.0,-179.161,177.0,-219.869,38.369,38.344,-56.781,-56.832
11.5042,STAND,FR,179.375,-177.0,-220.0,179.52,-177.0,-220.047,38.263,38.248,-56.642,-56.649
11.5042,STAND,FL,179.375,177.0,-220.0,179.356,177.0,-220.082,38.26,38.26,-56.6,-56.6
11.5042,STAND,RR,-179.375,-177.0,-220.0,-179.408,-177.0,-219.892,38.369,38.38,-56.781,-56.787
11.5042,STAND,RL,-179.375,177.0,-220.0,-179.16,177.0,-219.868,38.369,38.344,-56.781,-56.832
11.5208,STAND,FR,179.375,-177.0,-220.0,179.522,-177.0,-220.045,38.264,38.249,-56.644,-56.652
11.5208,STAND,FL,179.375,177.0,-220.0,179.359,177.0,-220.081,38.26,38.26,-56.602,-56.601
11.5208,STAND,RR,-179.375,-177.0,-220.0,-179.409,-177.0,-219.892,38.369,38.381,-56.78,-56.786
11.5208,STAND,RL,-179.375,177.0,-220.0,-179.163,177.0,-219.87,38.369,38.345,-56.781,-56.831
11.5417,STAND,FR,179.375,-177.0,-220.0,179.524,-177.0,-220.041,38.264,38.25,-56.648,-56.655
11.5417,STAND,FL,179.375,177.0,-220.0,179.362,177.0,-220.078,38.261,38.261,-56.605,-56.604
11.5417,STAND,RR,-179.375,-177.0,-220.0,-179.411,-177.0,-219.892,38.369,38.381,-56.78,-56.786
11.5417,STAND,RL,-179.375,177.0,-220.0,-179.16,177.0,-219.868,38.369,38.344,-56.781,-56.832
11.5625,STAND,FR,179.375,-177.0,-220.0,179.527,-177.0,-220.039,38.267,38.252,-56.65,-56.658
11.5625,STAND,FL,179.375,177.0,-220.0,179.366,177.0,-220.076,38.262,38.262,-56.607,-56.607
11.5625,STAND,RR,-179.375,-177.0,-220.0,-179.412,-177.0,-219.893,38.37,38.381,-56.78,-56.786
11.5625,STAND,RL,-179.375,177.0,-220.0,-179.162,177.0,-219.868,38.369,38.344,-56.781,-56.832
11.5833,STAND,FR,179.375,-177.0,-220.0,179.529,-177.0,-220.035,38.269,38.253,-56.653,-56.661
11.5833,STAND,FL,179.375,177.0,-220.0,179.37,177.0,-220.073,38.262,38.262,-56.61,-56.61
11.5833,STAND,RR,-179.375,-177.0,-220.0,-179.413,-177.0,-219.893,38.369,38.381,-56.78,-56.785
11.5833,STAND,RL,-179.375,177.0,-220.0,-179.165,177.0,-219.869,38.369,38.345,-56.781,-56.831
11.6042,STAND,FR,179.375,-177.0,-220.0,179.531,-177.0,-220.031,38.269,38.255,-56.658,-56.666
11.6042,STAND,FL,179.375,177.0,-220.0,179.373,177.0,-220.07,38.264,38.264,-56.614,-56.613
11.6042,STAND,RR,-179.375,-177.0,-220.0,-179.416,-177.0,-219.893,38.37,38.382,-56.78,-56.785
11.6042,STAND,RL,-179.375,177.0,-220.0,-179.162,177.0,-219.869,38.369,38.344,-56.781,-56.83
11.6208,STAND,FR,179.375,-177.0,-220.0,179.533,-177.0,-220.028,38.273,38.256,-56.659,-56.668
11.6208,STAND,FL,179.375,177.0,-220.0,179.376,177.0,-220.067,38.265,38.265,-56.617,-56.616
11.6208,STAND,RR,-179.375,-177.0,-220.0,-179.417,-177.0,-219.893,38.369,38.382,-56.78,-56.785
11.6208,STAND,RL,-179.375,177.0,-220.0,-179.162,177.0,-219.868,38.369,38.344,-56.781,-56.83
